"salario_base","treat","edad","educ_padres","distancia","treat_sesgado","salario_sesgado"
523406.476608256,1,25,3,22.8131614163208,1,501123.927144425
468090.211360298,0,18,2,21.3063675629065,0,434932.026872497
530784.587012245,0,19,3,26.55997427217,1,489714.062160702
531237.93373179,1,21,3,1.10365370065887,0,505452.642791697
573944.195946614,1,23,4,11.0001132911434,1,564968.176014341
450459.71562913,1,23,1,21.6026834598859,1,427299.268845931
511420.744928108,1,20,2,8.07519225298818,1,493027.223131558
556876.968596187,1,21,3,17.0154339162644,1,535847.529849559
503952.884402642,0,19,3,15.1084649549794,1,493967.52717773
444904.931029413,1,21,1,3.96714417802936,0,437704.623974032
513488.060273067,1,18,3,0.742691380127392,1,564329.800295874
535936.346752518,1,18,3,2.699832312281,0,523777.090719654
447623.029598657,0,25,1,22.4957850158038,1,409470.139275398
525001.610941059,1,21,3,4.37229891068225,1,529065.861304189
445496.117840513,1,21,1,0.900797557680152,0,443973.925958602
485983.305787075,0,19,2,26.7968725981717,1,473388.371296
523733.643930488,1,24,2,5.05319335643894,0,486303.081250526
508580.451253545,1,23,2,28.8263486341773,1,475879.213045921
480220.185042672,0,22,2,21.5473292065321,1,463025.170201029
614025.321741147,1,21,4,9.82411460081,1,553896.7770963
465337.997646581,0,24,1,9.06046134182379,1,477412.719319172
544792.113669024,1,24,3,8.9397337823337,1,514826.115663456
557748.858666404,0,25,4,23.2481496706821,1,551779.727674867
514291.691799462,1,24,3,15.915972223526,1,542213.39719842
406937.398764994,1,23,1,15.2675490305318,1,450796.289946288
554836.692641087,0,19,4,8.3456870201321,1,579836.052936551
511918.26017479,0,23,3,-3.47664619199769,1,560874.901701207
401523.024967505,0,19,1,-2.2336932194713,0,440782.587503141
556827.444835024,0,24,4,4.95321936774584,1,566100.093939036
487624.073995751,1,22,2,23.8862363454933,1,469919.954162812
453452.377721059,0,23,2,4.18091226734632,0,466760.391358145
431471.753030158,0,25,1,12.0986396644944,1,457979.718747436
545506.675788434,1,25,4,5.19975732844435,1,605137.414847627
550331.878645223,1,19,3,15.1093536011742,1,518554.393385817
562623.227681049,1,23,3,8.05201568823148,0,504444.952260035
474920.174571888,1,18,1,2.34860025484363,0,438821.813940694
536684.349248372,1,21,3,-0.888267428161416,0,561614.600650376
439172.574218261,0,18,1,14.7658941911278,1,454910.92998547
500545.228462346,0,24,2,10.1718803180818,0,462942.275466776
484437.831838287,0,19,2,38.9262899641546,1,461077.787070672
513804.906557656,1,19,2,-9.99025986534377,0,468515.746375484
490061.691921783,1,23,2,6.07900664485449,1,475033.844228887
501323.182961227,0,25,2,19.998149964736,1,459020.76343723
571311.31496988,1,21,4,4.93225023706434,1,585006.588223341
458017.472113474,1,18,1,30.6714109149738,1,465932.582275784
555519.221789105,0,18,4,2.21841732730636,0,523693.953891528
515372.633334963,0,20,3,17.1435188761917,1,536292.596417741
442772.554461229,0,20,1,1.12187911794073,0,412550.169557433
575291.771059849,1,21,4,-1.44522383724288,1,565202.018192007
508481.190969092,0,25,2,1.50297849944869,0,444478.109957469
465200.956095814,0,19,2,7.70291484351382,0,474808.641877483
452899.633712672,1,19,1,18.0870200414865,1,463705.819841892
570785.056092068,1,18,4,-0.434023144432004,0,606823.036238618
489700.629418717,1,25,2,11.8468964717057,0,430685.500753735
488285.502939445,1,20,2,11.3628027953153,1,480858.976138201
503482.937529204,0,18,3,25.1086917485087,1,484947.964436853
443038.065625045,1,24,1,16.4160161620021,1,439546.508724159
494804.763210662,1,22,3,11.1617212055293,1,495520.023044377
529334.68867306,1,25,2,7.20109948159661,1,493920.707693531
539841.427411047,0,22,4,15.9895811596939,1,533446.763585138
567490.227754948,0,22,4,-6.99471548581905,0,546595.934454199
513894.015140943,0,23,3,1.00471896815465,0,543077.35300039
443550.827780111,0,23,1,6.01366491877264,0,444490.594436351
538272.344583137,0,22,3,19.393847021872,1,523507.397174843
534728.801437718,1,18,3,-5.43445126569245,0,494094.818624495
517796.839306716,0,18,3,3.34513747379466,1,529460.177296373
537926.244368855,0,21,4,7.77947807096923,1,597911.789434237
491799.984205071,0,22,2,7.35592391815427,0,448966.623048505
415703.79478038,0,24,1,21.8338957134536,1,456636.579345445
548894.651675651,0,22,4,15.4654070549282,1,545803.10252937
537964.940845213,0,23,3,18.7727896327013,1,509135.687151974
446939.3208993,0,24,2,-2.38329769923399,0,455535.109841828
487766.602910244,1,24,1,12.97883749193,1,455007.703384583
504149.893531395,1,20,2,4.94296610476314,0,471192.005492206
453889.245751661,0,19,2,4.05704292616051,1,500895.080612249
502024.864378445,0,20,2,24.8591503817684,1,472420.941450481
532941.702502764,0,24,3,0.873179540325717,1,531906.603374876
517562.366473496,1,19,2,7.78072657869698,1,485326.392518598
502566.414956838,0,20,3,2.39316923403721,0,506344.84475059
558184.203725809,0,24,4,11.1796572282659,0,545151.371525426
451009.248051621,1,18,1,26.3024886095671,1,452418.867566919
501987.550288285,0,23,3,3.38785094142072,0,481019.1834908
540683.459911648,0,18,4,3.84965068348822,0,547932.4489273
581396.47961312,1,20,4,-9.72237258871401,1,570726.842066495
546056.266454943,0,23,4,13.7692443500202,1,565631.921493868
487602.496340153,1,23,2,7.31498304307879,0,462830.3086671
448758.359466248,0,18,1,23.2750207415147,1,475162.968714191
497490.038089246,0,22,3,14.6174476566654,1,534610.805772342
433294.625554703,0,24,1,1.41954697900385,0,462407.373948129
538950.067682569,0,20,4,17.2058951282534,1,568569.1403528
512771.000986658,1,23,2,3.16542105679923,1,494925.452046595
463345.311996107,1,21,1,9.74756916757244,1,422484.049692569
488848.250419457,1,21,2,4.41934329178328,0,493091.136238312
496960.20994265,1,19,2,9.85783539663734,1,494329.074974121
441893.294366674,1,18,1,-7.97496226155951,0,427455.9367871
498871.960977963,1,22,2,1.14192407367422,0,477676.768773075
446887.5611723,0,20,2,5.85606263522855,1,475569.252802322
482060.06426414,0,22,3,13.3620393326962,1,512201.342171052
469721.542423922,1,22,1,11.8905305296818,1,460030.368780007
529937.086688272,0,21,4,11.2150837839559,1,578232.31970683
430225.623878834,0,23,1,3.58730120596969,0,441890.36836956
499242.977734489,1,20,2,13.9687915481116,1,493973.864276896
461907.437804913,1,23,2,3.04543002778736,1,464654.555964351
524556.317558309,0,20,3,10.5263054836115,1,543426.745143503
557963.425126141,0,25,4,17.0781887028579,1,536916.953136366
510226.233975843,1,20,2,3.22149093490666,1,481546.966925028
533817.893569508,1,25,3,11.5027234678706,1,532357.236498975
510488.89458019,0,22,3,7.21265176777872,1,523285.979645545
452539.100056371,1,23,2,-3.92531377919441,1,486860.704448431
453284.521336812,0,22,2,14.1286360060014,1,488348.546348845
435642.738288559,0,19,1,21.3764586970541,1,425173.478822041
465333.202105864,0,21,2,4.28629986919917,0,470055.682141216
575393.487388361,0,23,4,9.19203728301767,1,620406.133455342
497655.314879176,1,24,2,27.2931327534107,1,447605.558950124
488495.751689724,0,22,3,0.627500146901594,0,540433.62251236
435640.192160842,0,23,1,5.10167071156476,1,473684.693119824
474320.617429695,1,23,2,6.39235437630405,1,459238.474724487
554952.957852512,1,23,4,4.5891021644377,0,546637.851309886
495879.791378187,0,19,2,25.6504612465765,1,449318.977532455
521771.473765222,0,23,3,18.1506843581891,1,533669.957486669
569497.057188029,0,21,4,27.3128769890134,1,564415.818416258
563741.10672104,1,21,4,-7.31146211628055,0,558295.700082456
540312.041313233,0,18,4,16.3649020508951,1,547874.532614405
438440.716702505,0,23,1,2.61773990829197,0,435263.192606179
443090.23038893,0,23,1,5.59488331816763,0,454137.087513188
548758.570075068,0,20,4,13.2095217256005,0,528200.877290724
441640.531409441,0,24,1,-13.0262276224447,1,444918.325970943
598835.968132641,0,23,4,9.16755877043617,0,529760.48888141
482674.572219029,1,23,1,18.2817340482167,1,426076.872567904
538895.164395131,1,21,2,0.776972079617778,0,486918.312380737
506593.099885084,1,22,3,0.807551216609648,1,523506.778898641
545811.747624879,1,21,3,14.516390132537,0,487922.013494412
549930.986095613,1,19,3,6.0416391685878,1,544987.13323548
464046.367908596,0,19,2,15.0744666810816,1,460711.83039582
525674.772148211,0,18,3,5.85993050490883,1,534329.862075263
407918.077454483,0,19,1,8.15923720052744,1,477498.269875611
439555.881923026,0,25,1,-3.83296503388537,1,475825.128687891
468931.530584995,0,21,3,6.5411582671172,1,570976.785089592
556637.413273922,0,20,3,-0.0842914285359253,0,527009.862414839
582787.766456777,0,23,4,5.49528570328763,1,577413.720225027
456764.035628252,0,19,1,28.4673117421401,1,439592.276346305
491764.772073291,0,25,2,14.426974975231,1,486991.340662309
491167.128202073,1,24,2,16.0068828892025,1,470084.796877626
425890.85341915,0,22,1,25.246934598069,1,469535.313988493
584585.491043808,1,18,4,16.2762626129553,1,533565.230272788
513037.547093883,0,24,2,-2.94663443467427,0,475998.730236658
518533.927654536,1,24,2,4.87436235962236,0,461102.579814865
490860.96670476,0,20,3,-4.48332277245241,1,526196.790389525
518175.030059706,1,19,2,9.64844127841213,1,482206.612536152
478593.01034819,1,18,2,17.9211830290104,1,479903.812905137
588003.96907133,1,23,4,4.4035337270471,1,591911.381358643
484060.828014019,1,22,2,12.5485667688779,1,476316.554908333
454051.752670212,0,21,2,33.0140168656605,1,496051.551604924
515491.750190386,0,19,3,4.24918801263678,0,503745.331805032
499705.701796287,0,22,3,5.77783260894105,1,510278.259044066
435612.439634117,1,24,1,3.20757266236969,0,418404.062471451
396126.453922007,0,25,1,-5.56151877471008,0,430919.201399555
466347.529764676,1,18,1,4.6144226925078,1,436316.624164655
457267.417593632,0,23,2,13.0326415363014,1,500544.558410931
552889.189634461,0,18,3,-9.25263680565865,1,512422.165154285
485817.647854115,1,21,2,22.044468683084,1,465892.767068845
463326.358587725,1,21,2,3.73084230633189,0,471336.322927701
495912.073811707,0,25,2,5.35078707367784,0,483385.523406992
468879.396853097,0,25,2,3.89653812071439,1,480417.760361251
511983.025784781,0,21,3,1.51696851150095,0,495404.611847014
563822.386717524,1,19,3,18.3089311280657,1,514303.805721406
475095.727657277,0,18,2,-0.67311812757996,0,471147.956703303
512928.106550117,0,25,3,9.87473893762858,0,487590.768806126
513749.167270332,1,25,2,14.8656044352095,1,514071.790308306
467329.566143482,0,20,2,7.94008550756549,1,519765.752904878
423886.311497526,0,23,1,42.7633099884229,1,447766.823535801
570884.159485265,0,23,4,22.8015102311967,1,570654.65279971
583997.917321928,1,23,3,-4.33976664927417,1,556691.715107832
546538.034465372,1,22,3,27.6242965447927,1,556023.327306193
566901.028348823,1,24,3,11.6833382269973,0,501272.606550865
476462.134881133,1,22,1,-3.78452194532473,0,457347.604069703
586528.597600629,1,25,4,5.05728792781876,1,584320.143935957
495692.928671055,1,19,1,21.3425459881439,1,451963.867119386
470968.98561833,0,24,2,10.9841883176104,1,478135.191824491
551288.998734498,0,21,3,-5.1649248241819,0,536546.927217138
551550.652845731,1,25,3,-7.18986812732071,1,517915.902458658
568083.001433324,0,22,4,20.1951614924151,1,540028.169916179
568140.091620405,1,24,3,12.012230426827,1,512104.168544971
474766.585600713,1,18,2,7.52734983183912,0,491581.855830427
509001.074752601,0,18,3,24.21583736617,1,530318.955940934
509700.272304873,0,25,3,10.2075253987109,0,478281.376363252
582574.380623236,1,19,4,22.4139596579485,1,569938.346904227
506657.884397725,0,18,2,4.2028571950532,0,499967.01534768
520862.613148317,1,25,3,5.10352576197033,1,523784.398883186
525138.027124325,1,22,3,-2.83419237669779,0,540489.107251128
556687.286154653,0,25,3,17.2047014035563,1,537232.990091345
522766.846496444,0,19,3,30.4887942584026,0,493054.313536168
542326.378329965,0,19,3,11.0021072532663,1,500426.833060339
503753.296741088,0,24,2,12.5039930925733,1,502076.321150808
490992.201679379,1,25,2,11.5260047450043,1,507659.291409792
441924.139506609,1,21,1,1.81615112698734,0,428042.16703205
402612.797036183,0,21,1,-10.1759685766595,1,482046.702979878
516698.672812622,1,22,2,23.797623368157,1,469504.197984721
530365.410150742,0,22,3,4.50698608375191,1,517112.577717177
524213.182306806,1,23,2,1.03440341868035,1,502069.668849071
562901.624812426,1,22,4,24.8393844393586,1,575730.474082333
542510.686824527,0,19,4,14.6622847246525,1,602235.427275641
416245.439440532,0,20,1,24.2057882362839,1,435024.403434596
484558.114849069,1,25,2,10.0998140823077,0,473859.153257169
452682.32808158,1,20,1,1.49247645168729,1,460382.918698694
525397.415819571,0,20,3,2.06722794634376,0,492217.094466663
578093.769993774,1,21,4,7.91455237796204,1,580817.450137987
469672.971014973,0,20,1,21.7064305266389,1,427605.386081072
566827.535967615,0,20,4,2.25728724259881,1,587124.275468442
484779.462179915,1,20,1,-5.91452918975334,1,452259.483691055
542742.825663028,1,21,3,16.7324268826445,1,509110.538511542
489821.188101001,1,19,2,29.3629704918042,1,536143.324159788
551761.873855776,0,23,4,14.0263793733267,1,557051.88304153
457798.635059839,1,23,1,9.69262829947987,1,415715.559975907
556874.092025789,1,22,3,10.0086889928242,1,541854.173287148
520140.753074619,0,19,3,2.09474831215577,0,517985.131948837
445705.725604627,0,19,1,17.8848627636842,1,422552.635842774
604524.48421535,1,19,4,10.7426925999601,1,578995.430637793
585036.124844305,1,19,4,3.69273399213124,1,535629.718598817
584280.311100571,0,20,4,6.5673013307123,1,584755.940898979
568208.824685536,0,20,3,2.90057189886868,1,518878.182463276
496594.539660241,0,25,2,16.412454921938,1,467007.817646509
530728.700075868,1,18,2,10.1468121748651,1,491437.033975453
582040.853706003,0,20,4,3.37002876522373,1,553487.813163699
524979.366715201,1,19,3,18.2262937674568,1,508437.09654038
418744.346062462,0,19,1,-12.5854061635218,0,439838.850844717
568844.393849773,1,18,4,10.2484284498651,1,584842.488520226
485661.221557259,1,22,3,10.4685015909591,0,497899.685011626
544910.05931382,0,20,3,15.346514855239,1,548775.482695885
553338.826719184,0,23,3,-0.157267997661947,0,516765.435289299
461728.45706084,1,25,1,20.2436846590006,1,449882.885616728
495869.857678165,0,21,2,-6.05766212711732,0,487281.856913791
520771.765403644,0,23,3,12.0009000645102,1,538496.38915239
514325.530979408,0,22,3,15.2081282923483,1,533687.311074963
558263.04391537,1,24,3,19.4446800299358,1,471795.019467358
477612.893611227,0,18,2,15.5799905952643,1,470412.410478646
465832.573765537,1,19,1,3.27887790176455,1,487190.440819967
494308.442851478,1,18,2,2.48332663300344,0,451636.99455522
530583.575381127,0,24,3,0.593460760131086,1,524136.046868055
625616.893854405,1,20,4,7.08232351084758,0,544453.070165531
600977.804859302,1,20,4,18.4694847035824,1,561585.820697429
474100.857835438,1,22,1,17.1645418249861,0,428004.999202581
534075.033640364,1,21,3,11.9918688873029,1,514022.498283524
464705.232896097,0,23,2,11.0935750739461,1,488777.135724758
458328.6102635,0,24,1,18.0910625603077,1,455502.152556041
577501.087667317,1,23,4,6.41699117122593,1,533716.654445251
545775.58904922,1,21,3,5.26602789361974,1,504933.411737105
488347.823487093,1,22,2,0.692938449403531,0,445345.698600342
500927.81161652,0,25,3,-3.70876395464269,1,542408.038577348
541823.874706804,0,19,3,7.55288411422286,1,518369.964873578
493032.827889042,1,20,2,28.3242331065939,1,493912.840792054
551548.199322507,1,24,3,12.1625067200876,1,537094.796709896
541033.422022496,1,22,3,-0.208803537755839,0,529598.745409858
480066.579368188,0,20,2,18.7333726231451,1,511457.412549751
535337.953351935,0,22,3,-7.84109355376753,1,553488.34753994
395153.941871352,0,22,1,8.21027254844127,1,413740.168718048
581064.711774607,1,24,3,0.280902274374453,0,542488.567150008
483581.802738923,0,19,3,27.2031885853892,1,529662.13616549
592297.056790494,1,22,4,5.93160286701472,0,588958.400345739
548444.796744096,0,23,3,12.6768781196373,1,549829.534717553
428083.014606143,1,22,1,16.0365439824622,1,421557.027107252
508436.972355397,1,20,2,-2.90497278692598,1,493698.023610277
592751.553334252,0,19,4,5.2088323263123,0,547718.128556014
591498.674286017,1,18,4,25.3228584194698,1,557618.886345107
568224.414132034,1,23,3,9.01208897806032,1,547060.604405563
491017.278469891,0,19,3,-0.593026813733065,1,532747.699177438
471310.424370352,1,23,1,-7.35252499592344,1,472031.70653097
519489.59650567,1,20,2,-10.9503317765212,0,477473.336452841
486161.931659761,1,19,3,14.279158444664,1,541374.734236626
464962.746627923,0,24,2,-7.14718955087203,1,465627.270377649
450206.912042783,0,20,1,19.1559624073708,1,447073.922304112
607154.417391189,1,22,4,-3.03872551733921,0,557798.698591755
576116.562866906,1,24,3,15.1118059775802,1,536818.231324148
412171.798130637,0,22,1,8.03295546677981,1,445967.378376948
590530.077656782,1,20,4,10.1688653297564,1,607191.102919468
551579.906868246,1,18,3,14.3243229919258,0,520858.521447235
550216.915606093,0,20,3,18.1343452799429,1,516541.051730399
535072.717831154,0,25,4,18.0002853986836,1,585391.118427896
468505.21962476,1,19,2,10.5206580621336,1,508171.020372024
631787.090646996,1,24,4,10.8163003355532,1,559801.616512512
594336.262998186,0,21,4,14.8495090581214,1,554581.683418447
469524.020206301,1,24,2,25.7176371320943,1,437266.827984681
523356.521581714,0,18,3,17.8824308679496,1,529470.866795783
448421.597903749,1,25,1,11.2926008689035,1,419042.261116957
474139.299257782,0,24,1,8.22256232864211,0,419653.085651086
458672.132928413,1,19,1,4.92006547791748,1,447560.816008221
501409.484692744,1,23,2,10.0900422203319,1,510545.222216993
546475.044401428,1,25,3,6.83117612636491,1,540378.828544385
533995.709648604,1,20,3,7.40159059224489,0,494919.276635461
516249.892763906,0,24,2,6.8714243128154,1,489810.075423363
592401.893119283,1,24,4,2.57742536610693,0,503241.616916549
446212.643793458,0,22,1,13.8435273047773,1,485274.545806294
596935.530959981,1,20,4,17.9702679120712,1,551668.747586456
473149.335912977,1,22,2,9.95674971234592,0,473173.525117294
513174.644275817,1,25,2,11.0196658096519,1,480955.033455563
559881.758640158,1,24,3,0.851333022917016,1,537485.621989563
517116.381068126,1,19,3,-4.08700599378063,0,529084.06994137
544797.456436291,0,24,4,8.94303418056821,0,546794.028014782
491054.30211091,1,20,2,0.181214692944987,0,470010.337380265
437826.163012831,0,20,1,-3.85327830644107,1,451781.699128928
472426.215454101,0,18,2,14.1093815041938,1,482214.030934121
503248.001434814,1,25,2,10.0861956969401,1,511077.217239365
488537.323933351,1,22,2,5.96015336348911,1,481451.581031083
491348.592602286,0,23,2,14.5179300502427,1,484956.537888446
537294.827178703,0,20,4,12.2129678679202,1,553321.857134746
498339.968749309,1,21,2,14.3488815262255,0,462392.549049349
558650.277696999,1,25,3,-3.93656923525015,1,540649.098618848
507635.770067754,1,24,2,9.03622665794773,0,468861.707024511
588472.50171185,1,25,4,16.2523066470334,1,550072.975575478
522781.115466307,0,19,2,2.487500436431,1,494642.185991873
556201.371328909,1,20,4,24.565441911204,1,534848.870930002
524118.87944223,1,18,3,18.7916675278362,1,507076.395308263
505861.564578005,0,20,2,0.709476018881986,1,498485.434651183
557948.021676776,0,25,4,7.35731014996414,1,538863.432273658
447058.605830823,0,25,1,2.18545404535843,0,420037.056088403
557366.075361904,0,24,4,11.2191373782134,1,571601.870712093
523159.955760744,0,19,3,-4.83569102288653,0,516023.604173593
528424.073655425,0,18,3,13.2824491186139,0,523379.636221749
445407.930601378,0,19,2,19.9281768642867,1,500650.500506378
528906.341499106,0,25,3,8.56377594197365,0,446929.593745367
485854.764597113,1,21,1,16.2477554659494,1,445204.795369997
499343.503679758,1,24,2,7.36302701186918,1,507498.272850387
469643.700040031,0,22,1,3.4838355418651,0,478676.00319159
576396.951275737,1,20,4,9.5499454828898,1,559766.166541474
543319.934015693,0,19,4,1.70207371580722,1,581052.146444789
465784.144381422,0,18,2,0.694924295999083,0,467900.354729452
442536.155813066,1,19,1,-7.31667378545519,0,475949.842572326
482604.396474218,1,25,1,1.69634623876964,0,415878.398138393
438450.032960672,0,25,1,4.41282598937666,0,449184.986256916
489120.27496284,0,24,2,3.95764329069145,0,464114.798689257
546008.515765968,1,23,4,1.39393416185648,1,602471.808339357
507118.734622095,0,24,3,1.38801344011716,0,526070.834642925
468557.303892573,1,20,1,0.222185686032777,1,483103.85009342
494091.915225096,1,18,2,12.9513371369636,0,461468.716656432
536115.705810553,1,24,3,36.8709537451755,1,542163.355090225
519693.900011051,1,25,2,9.14846218074252,1,482402.150948344
431094.488951637,0,25,1,8.26363064190679,1,461007.63182646
523177.175480034,1,21,3,-8.0861598948868,1,511669.700530783
505847.051095223,1,24,2,16.1826248329566,0,486717.74650391
532363.149367574,1,24,3,-6.15068080234762,1,509268.663721616
537043.069957669,0,22,4,-1.7695174697022,0,555642.587730515
554230.693872794,1,20,3,8.01416320623141,1,532637.985891931
492609.438274366,0,25,3,8.57899514941849,1,539884.184300986
474671.826243465,1,20,2,16.2479070715087,0,513331.905951399
592108.62448169,1,21,3,6.28172613751558,0,504018.14282005
546219.175047399,1,24,3,21.4337254040021,1,534696.236723633
536124.474096905,0,19,2,17.9505412517428,1,482778.692562982
509122.807890411,1,23,2,13.016225664094,0,470363.429617978
529376.086838386,1,20,3,-10.2125591758621,0,464191.304176553
504988.693978383,0,22,2,21.2224009741883,1,490071.624589187
492031.680477602,1,22,2,8.62161154761264,1,541494.886362535
467809.384774018,0,22,2,12.3249245345301,1,462313.307187824
470547.581448596,1,18,1,20.1282324543998,1,459914.393853199
571827.404005483,1,18,3,7.12955167014232,1,556113.559209431
429343.451510953,0,19,1,6.31808390650322,1,470906.970675397
536401.714704536,1,22,3,18.8327310996591,1,466428.107523277
491667.296074479,1,25,3,6.4744715929816,0,531782.004623357
519419.503399591,1,21,2,20.0878130460168,1,458817.766323591
450174.122373737,0,20,2,5.5120159494019,1,492123.831049109
506093.383152669,0,23,3,9.28714562235659,1,565788.587105303
460013.217648273,0,22,2,13.0388909385685,1,499905.367099242
513639.205331468,0,20,2,8.84084283420922,1,467509.878946427
497753.699498709,0,24,2,23.603427003648,1,468807.92154056
461423.466582936,0,22,2,8.17155141080786,0,448810.457418863
519098.35642203,0,20,3,-1.33668387017549,0,545445.53485571
578844.705106898,0,20,4,3.28649354501961,0,530539.152050536
494928.486231849,0,22,3,10.4620148495001,1,571024.549873863
572116.687095308,1,23,3,4.84017821880765,0,541027.746658703
546404.829141983,1,25,3,18.2906014806521,1,519797.957823768
554848.57356079,1,22,3,37.0243805408466,1,556262.054960383
593231.22288785,1,19,4,11.1023452213729,1,553473.799022581
447144.719703682,0,18,2,-3.28531367983746,0,481392.162495329
482492.945938131,0,25,2,11.3130146724164,1,478273.731389245
529741.396710808,1,19,3,-0.545242325788553,0,529263.943890492
502581.76359314,0,21,3,19.4655828169847,1,501084.336950716
532261.293966295,1,18,3,1.80136427857659,0,545794.716226485
562514.577280458,0,18,4,14.1385988980315,0,534534.680848478
529524.594222546,1,25,3,2.96577054950029,0,508390.587792718
589552.2001265,1,23,4,-0.409305402136294,0,546726.04831212
514882.429988044,0,25,2,23.0026541632175,1,481686.728479768
540246.546105477,0,25,3,1.05296899179212,1,548023.681698658
483404.260751952,1,22,2,0.62429025073188,0,454585.675646588
577549.274688969,1,20,4,13.5138877832202,1,575689.178318844
468573.046346337,0,25,2,6.59975142425638,1,514293.015106258
541278.806861468,0,19,4,9.01292671353545,1,586432.369130656
484875.506160858,0,19,2,17.3346657144683,1,501934.417628555
552730.812793861,0,21,3,10.3185573668393,1,487860.369477461
462798.298641079,0,20,1,18.1867827764759,1,415038.906491929
471517.242534854,0,18,2,6.87235318897629,1,470841.369755047
459180.273615776,0,25,1,-2.77637511104415,0,435653.592910879
578428.145351947,0,21,4,13.947271718391,1,599441.268927067
497664.638874835,0,21,3,-1.20604138651387,1,537067.863068347
523415.935965531,0,23,4,22.6146210268048,1,549491.679787049
504332.132103379,0,25,3,21.9605116850579,1,514496.48817722
499453.941644216,0,21,2,6.58426151356656,0,500666.416549946
460510.678353782,1,20,1,16.6000899692378,1,433106.733432433
511866.988437315,1,21,2,16.8473023848462,1,489887.793999289
591778.16537087,1,18,4,21.3888787150658,1,526154.115374731
442230.122977915,0,24,1,-1.66617346093038,0,458831.391817156
472479.489870237,0,24,2,16.3786971648812,1,454811.767238358
483497.633300684,1,24,2,18.8648587110344,1,493927.948573654
538995.840919357,1,24,3,16.4057305224827,1,558866.845297049
512573.345742642,0,20,3,16.7119460351274,1,501193.290369539
510217.733136189,1,19,2,8.60778152756749,1,492465.917881405
484357.380763362,0,18,2,16.5287938327505,1,469650.390305087
415971.563009185,0,25,1,-17.1859642946679,1,456992.260263817
566127.585686267,1,18,4,9.13131350329825,1,559460.21466763
566563.082537861,0,19,4,11.3872688734684,1,589455.212322793
515209.368837118,0,20,3,15.3198248693634,1,497626.561439739
616281.425572449,1,20,4,16.0027223141602,1,552103.651494593
463221.478283771,1,18,2,10.9985141217827,1,496698.95710729
456684.227198658,1,20,1,22.1071250798803,1,475895.476318366
520324.757101027,1,18,2,-2.07247415054002,0,456077.493876463
520302.920259631,0,23,3,14.5527492705498,1,504231.074845307
540186.553343279,0,22,3,-0.271120492796635,0,547091.112959149
555173.175597967,1,18,3,9.34808885325988,0,528499.210591456
475802.622033604,0,18,2,10.5727293136072,1,471104.576230887
532158.912414483,1,25,3,-2.25751790484036,0,536394.534785786
507506.565908725,1,21,2,6.1276347268522,1,518308.100877879
511946.290603048,1,18,3,5.87407231248836,1,513673.610492568
443985.986217806,0,21,1,2.17843695873265,1,459233.282306488
478360.915643024,1,21,2,7.11864345186609,0,482575.41845937
473080.219688281,0,24,2,-14.3430285278353,0,467673.528460981
563622.805660287,0,19,4,-1.54389075628426,1,599226.241145908
524778.350520944,0,21,3,12.090005778547,1,523485.118423957
504045.78618355,0,25,3,-2.47536437546738,0,551671.217134789
548827.64385973,0,18,3,7.192871070667,1,527599.756727749
589229.870093807,0,19,4,9.19137350450948,1,535943.32684094
497793.664179762,1,25,1,19.9625542377554,1,428436.097512315
514682.814349694,1,19,2,11.534792078191,1,485921.017174198
519627.648676692,0,20,3,1.69404796823408,0,508601.059849823
518117.941877948,1,18,2,8.97638849275906,1,485341.266646857
534572.09461987,0,20,3,7.17409297094247,1,527185.042572405
474288.992001762,0,20,1,12.9995710905977,1,424263.693471534
541533.954738457,1,25,3,18.9249161268961,1,576689.707567385
538238.510807394,0,19,3,3.48378686686723,1,501132.181643601
530123.931729268,0,25,3,4.74720170398576,0,487229.30833829
498222.517461205,0,25,2,1.62676427289235,1,512027.408437473
488815.419436042,1,20,2,13.6127497280668,1,485666.108116757
520970.803077988,1,18,2,6.90021402964155,0,476808.306783091
569441.095668333,1,23,4,16.5941576432923,1,566100.032871721
572559.705628745,1,23,4,-4.36102709437323,1,534658.388140575
495198.996479777,1,18,2,14.4190917199618,1,498361.938242961
490120.154047748,0,23,2,13.3537252527544,1,495667.919018646
570225.97290098,1,22,4,2.37556748863302,0,587564.941692182
481625.379745007,1,25,2,-4.28523871767385,0,490558.095176136
536133.041311985,0,21,4,10.5786442866112,1,595240.439337227
465061.476972089,0,21,2,-14.1627177129874,0,481687.387870224
501900.327786915,0,23,2,-8.3056502148808,1,498606.619660077
559603.671907789,1,18,3,12.5522427695402,1,545285.156976556
560129.090645966,0,24,3,11.2574408010535,1,552739.446195693
499002.453273871,1,19,2,-2.99804410374902,0,481252.617375305
541104.955074149,1,18,4,-2.4776464302774,1,594643.217197256
520703.622670796,0,22,4,12.9311854383317,1,573494.496492296
461849.814246888,0,20,2,8.81861781668056,1,501875.673678091
564292.509067774,1,20,4,-16.142479834864,1,601614.248410896
554301.607364994,1,21,4,1.19111198230328,1,586773.497098684
516700.381301395,1,20,2,-4.95078766633454,1,513203.339081656
461203.406988512,0,22,1,14.4247600555836,1,438576.891539385
442913.678117661,1,23,1,21.220973309067,1,475038.884969789
550931.450734705,1,25,4,23.4436801470975,1,569126.938561743
558527.445996828,0,19,3,5.9646726651402,0,536241.087083497
509999.184943049,1,23,1,13.797388472565,1,445661.724159631
506031.765444531,1,18,2,5.30529515634534,0,443670.688927798
528671.603253803,0,18,3,15.0355266820036,1,508560.502473694
440277.340875405,1,18,1,-8.64959462801952,0,439878.593826469
537044.393406915,1,18,3,17.0546670068699,1,528188.457420861
472354.398818231,1,19,1,5.87004488608376,1,492321.294898096
511293.963365719,1,24,2,33.2260382415804,1,455974.932108839
524986.858230253,0,23,2,14.7736366510958,1,486091.829333841
486879.918747274,1,23,1,-1.38316932256696,0,399164.925326011
490316.025510716,0,22,2,16.0314353971872,1,494433.243604051
477807.817178376,0,23,2,-7.28782904684283,1,469171.886535635
465221.635267501,0,25,2,30.9299697629787,1,476714.639207047
552228.215040467,0,18,3,7.71242884054458,0,507980.154053548
547738.330915984,1,24,3,10.7528346862116,1,522568.833083098
422785.067321704,1,24,1,4.26914402377864,1,491906.698199693
468727.263871151,0,25,1,31.1342581270109,1,467727.682872084
503227.816996275,0,20,3,-0.780925816907789,0,550088.119541657
559875.648547274,1,23,4,2.99669300943348,0,550421.883146159
488475.97353305,1,23,2,11.6883852170972,0,485596.710965785
554613.413289157,1,24,3,2.4263479723678,1,544722.666084851
521219.463268248,1,23,2,2.34372505331595,0,475104.287684356
557813.177270436,0,18,3,21.9769554295699,1,483644.072127502
619812.323275574,1,18,4,-15.1169935579211,0,557985.970373107
558898.93614244,1,23,4,7.76778974853715,1,606708.431877375
496090.798991856,0,23,3,0.191656584103221,0,535201.489453871
548870.280840716,1,23,2,22.7452193292924,1,480451.393755366
612269.898248049,1,20,4,25.2229364554469,1,543095.287082418
535265.685709986,1,23,2,7.69644898328984,1,477715.740929873
435724.664941067,0,19,1,7.85205233894104,1,447960.217674439
528610.165464536,1,23,3,-2.36858544276228,0,519204.806273546
526728.511650587,1,25,3,23.9181252201034,1,514420.013918522
511757.106823463,1,24,2,2.74907322045628,1,534081.280348867
623017.835203871,1,23,4,-12.5301115593718,0,572189.469611801
527833.236298052,1,23,3,19.9889348121257,1,513995.183138997
486846.998615274,0,21,2,16.3233800568112,0,406198.488523674
463118.252209549,0,24,2,22.0880063683142,1,466680.468071136
452830.570680661,0,25,2,27.9488731226607,1,477451.740380713
568244.904628217,1,23,4,1.04397825472486,1,567871.522059252
495753.448378122,0,23,3,8.15357064599005,0,495579.212875188
456250.406995207,0,21,3,9.27150803582813,1,519913.199231978
487362.179457861,1,21,2,10.3612671718532,1,500992.631513203
606583.686212378,1,24,4,6.09887730413278,0,561357.987198054
466309.236490572,1,19,1,-2.65395888348539,1,451263.80717106
549771.971556492,1,18,4,15.7293694802253,1,558637.975212323
556620.74957396,0,18,4,6.08879911055241,0,542170.806902172
508736.51496288,0,24,3,7.48742576361551,0,488216.723107778
494864.511426014,1,22,2,25.0809980515425,1,484853.129586579
458817.366656821,0,18,2,1.56773573144392,1,484931.220774687
530209.064652437,0,23,3,15.5049021574083,1,543550.999317692
521011.643338694,1,18,2,-4.8760250731029,1,485124.784644163
441214.982420492,1,21,1,-11.7535152255843,1,440605.706050121
517812.105927981,1,20,2,22.9719870613454,1,478719.789042993
526722.674555201,1,22,3,31.2495599073308,1,531483.039842682
519203.508983261,0,23,3,11.1715539256107,1,521971.80040187
472153.327854554,0,20,2,11.4246069620443,1,500844.421966656
538715.136009477,0,18,4,-2.43002962323221,0,535760.61104339
555548.667011718,0,25,4,0.788433357699095,0,568338.439323844
453847.412765683,0,23,1,16.6595183134173,1,423009.420275666
597530.869082581,1,20,4,29.2823654344792,1,568223.636006497
495738.328382307,0,19,2,12.0759681125988,0,472840.249379273
567761.082103997,1,19,4,13.5102617444172,1,574086.244991197
505638.11261007,0,23,3,8.84440630338794,1,518981.962382725
422190.383903555,0,25,1,11.541174477673,1,454252.458715796
544124.033436438,1,18,3,10.2126195582435,1,554781.835368244
453028.888212308,0,18,1,-10.7406850356943,0,436276.23694137
497597.0736994,0,23,2,19.276288488566,1,502167.426593802
528912.64403221,1,22,3,2.19352010940502,1,556706.441704701
511507.901423795,1,23,2,5.71375591709091,0,486138.414317564
535149.492248734,1,24,2,8.49770134132627,1,506013.304176166
545489.574839844,1,21,3,-4.47090463465191,1,548507.275891493
533811.252221593,0,25,4,1.61633443735618,1,596808.669839013
436408.423331029,0,23,1,5.47776273406885,0,443822.403603777
578643.802880051,0,19,4,9.91199058856535,0,524684.955761577
578730.242183343,0,23,4,-8.37111814939043,0,569660.053700828
569326.770227976,0,24,3,6.64104643943094,1,558571.523809831
593094.838037,1,21,4,-5.48174203517371,0,533644.000285153
570543.966550952,0,23,4,10.8603191140437,0,562325.953369893
454712.937386298,0,24,1,16.2082533326632,1,454069.305629178
550436.066147777,1,22,3,-14.6289059655497,0,551260.184026422
508346.75222538,1,19,2,8.23127053545224,1,491827.863670797
534173.432626833,1,23,3,10.1600250767041,1,552448.145499892
570526.854267556,0,25,4,-0.413082181219382,0,581769.463395724
531144.981872794,1,24,2,-3.61926035956398,0,462674.595353567
470904.776873536,0,25,1,-3.15249625692818,0,418699.08944523
490134.715639476,1,24,2,5.56889580314797,0,496955.50281701
568522.526704653,1,20,4,23.2382950606642,1,561412.187693624
498719.427434176,0,24,3,11.7482118425636,1,522921.532818822
564254.579966221,1,24,4,15.754300176753,0,527988.407249935
520010.078496564,1,21,2,4.22907850160442,0,455386.941313321
580333.359716318,0,19,4,4.87469268162417,0,553548.615426613
574662.860559123,0,18,4,-6.22293360169995,0,560846.344658852
432268.834040034,1,21,1,-5.63085337833211,1,443649.657070389
479618.766534904,1,19,1,7.4174929193556,0,425515.616051638
571978.808995744,0,19,4,7.53968507375007,0,562295.758208179
585834.555588114,1,19,4,18.9191659467159,1,590835.138918564
499772.545924464,0,18,2,17.1447923848269,1,506079.025620985
574743.132424865,1,23,4,-15.0675885353303,0,580838.454076291
560210.481541237,0,22,4,-1.43836937318396,0,597658.183341906
601043.520330664,1,25,4,6.11621528173308,1,589439.776220778
578512.696173906,0,19,4,21.3153327997925,1,567329.834678725
516132.077457198,0,25,3,8.56034430594155,1,523813.617958505
526836.742018072,0,20,4,6.6486720586386,1,595496.482082699
543956.676150618,0,20,3,21.0221184052578,1,509927.069269401
387504.028348632,0,25,1,6.89150935277291,0,422738.399547636
424225.825071197,0,22,1,19.3569672455434,1,444794.84745238
523283.812100505,1,24,2,12.0311042758068,1,475653.827908217
478349.272255237,1,25,2,16.6574690591487,1,484591.324053265
477305.491382629,1,21,1,10.6043631150803,0,443279.691083565
586439.351583377,1,25,4,2.22819399745641,0,565223.673780191
492982.867298522,1,19,2,10.7909888211437,1,486842.274169329
538681.942074826,0,20,3,8.1474404325926,1,516483.671392056
522955.499829758,1,18,3,6.96683232657258,0,498420.656695534
511364.801820889,1,23,3,5.07420873866687,0,530463.919618879
509156.786164182,0,22,3,-7.92854263430803,1,521984.431301762
513732.388244412,0,23,2,0.0200131390833693,1,500705.878591696
491315.667896945,0,19,3,-7.22652653079597,1,544445.95744097
525900.481674812,1,18,2,-2.98049672640296,0,450853.376545285
521728.099403961,0,21,3,24.5149528802089,0,477700.828962806
504791.258782897,1,20,2,11.1779646342443,0,469592.173072127
475917.024546447,1,21,2,13.306289444268,1,533896.495906114
520660.289174854,0,19,3,8.30295404232629,0,553221.047955169
550742.551002321,0,20,4,18.5020379794075,1,596916.445113922
563138.220755461,1,22,3,-0.489414527122831,0,489565.964798951
464294.504465741,0,23,2,11.9926724935022,1,505475.474294855
541704.058275657,0,24,3,21.6494950919523,1,527678.502959881
470440.271871611,1,23,2,-9.67019755352849,0,472566.634752275
569300.992503693,1,18,4,11.4435961032171,1,571166.640787717
479149.406687529,1,25,2,14.391170986504,1,488707.352899419
528464.060697261,1,19,3,-14.4020870676275,0,506053.24411345
490526.783546463,0,24,3,22.9456534057683,1,517900.270287615
589100.786360027,1,24,4,25.2258584112686,1,574407.714908189
562623.131640518,0,23,4,10.1733054537625,1,576681.176350302
445287.442546886,0,24,1,21.5020369347583,1,414938.371461036
484753.027951779,0,23,3,18.2916544594286,1,494089.555872551
561293.339920833,0,24,4,16.6261533101607,1,578601.909181069
562957.076470868,1,24,3,-9.66103752111385,0,507012.904277111
463243.405567565,0,21,2,14.4239384595708,1,504886.977972293
522728.448836941,0,20,3,15.7469786892196,1,509873.913529622
479462.783350626,0,25,2,-14.6614629612799,1,498854.057225656
546487.273802343,0,25,3,-1.96048717840623,0,497921.084834962
481669.529412054,0,18,2,5.00614089638082,1,492897.796684899
560158.131422255,0,23,4,-8.19170643335783,0,534528.950821345
452072.986553832,1,20,1,24.4975662498985,1,452032.93044534
509390.351115423,1,18,2,6.05300942342019,0,476487.300959766
584305.602239061,0,21,4,6.51411061333632,1,600894.053795469
454279.623299387,1,21,1,21.6426112083179,1,442293.45609912
550293.53680244,0,20,4,21.2942298405977,1,564183.013833279
545162.173984146,1,24,3,25.5486747127678,1,518525.359698273
502506.524941365,1,21,2,6.57852625254396,1,479276.160050217
573198.96021603,0,23,4,-1.58601106872144,0,591422.156625689
561504.252216973,0,23,4,-0.86722127434971,0,605456.867531566
474636.108578057,1,18,2,9.46313785302127,1,469995.456029386
588964.673376234,0,19,4,0.341031410078736,0,616433.875609379
541533.946068509,0,24,4,7.15921478585618,0,577697.510220834
513676.012938537,1,23,2,13.3070667150233,1,465513.757050541
476397.242399307,0,20,3,18.1501704831519,1,544367.159343379
560275.492903807,1,19,2,-1.89874243266306,1,543860.785850361
599317.826640808,1,23,4,5.30929457648405,0,556298.481984279
485317.059174021,1,21,2,11.1629151658395,1,497745.221877403
574988.680682642,0,18,4,13.1646492183519,1,613285.089491449
452645.270127038,1,19,1,-0.880098557044571,0,446707.133025569
564430.389259808,1,24,4,-6.24912327660947,0,537128.211154489
528921.561025574,1,18,3,5.03470017813869,1,545893.981145107
483436.981158695,0,23,2,-4.57722784794232,1,477875.349392985
516448.210979691,1,19,3,2.85147764549059,1,530378.459911346
582739.66512018,0,23,4,21.7274660838173,1,574920.839983211
594811.783426972,1,23,4,-1.30358386119072,1,549715.276534888
485577.362674668,0,21,2,-0.521974104354893,1,479574.704511322
540561.422864842,1,22,3,13.0628672706368,1,485258.098698827
509127.850368999,1,20,3,-0.104290333964292,1,550266.187288739
603896.731195589,1,25,4,25.9570603014319,1,561924.346951656
457083.513809013,1,25,1,22.2413684957093,1,422627.179197271
570410.675289583,1,21,4,14.1042549150907,0,554776.160278869
443351.563239439,0,21,2,-6.86117692403648,0,473889.758358104
472994.731391714,1,20,2,30.3920310732007,1,473634.101297277
541642.46144651,1,19,3,-2.57700466402546,1,535891.642706395
562272.672880403,1,18,3,5.55131047787016,1,485999.064692063
571364.120042894,0,20,4,10.2865129342317,1,553788.600362175
542823.473767503,0,25,4,-14.6837665767391,1,596160.505514133
522931.321012866,1,25,3,12.5316940843872,1,538822.093501934
531285.945269852,0,23,3,8.08399143001798,1,503164.372712191
476473.989896855,1,19,1,16.3143927417667,1,449204.397603636
476798.85572672,0,22,2,0.786486368241109,0,489114.752959392
468661.674811758,0,19,1,6.58846153234701,1,439340.816901575
557944.834203367,1,23,3,0.102253364731656,1,537902.830924309
476919.825979292,0,22,2,-3.15783483385477,1,483765.693750476
532337.827589234,0,23,3,7.67765843283227,1,494661.074893177
548526.997036182,0,22,4,-8.96922109434493,0,581778.481846288
603058.966169626,0,18,4,15.4450789979105,1,560450.513004577
570453.534617315,0,20,4,16.1894666935327,1,555923.393489472
533545.624299509,1,18,3,18.2644324459114,1,487815.777304917
575059.946362116,1,18,3,12.9835966939852,1,526975.975515326
446998.564564515,1,20,1,34.8938074158139,1,419482.297577395
530426.876336224,1,21,3,17.4608748634947,1,516697.958230137
506415.484156328,1,22,2,1.44561004225947,0,471598.18263123
484509.401496858,1,19,1,12.8346047926365,1,455562.926553042
534857.854735254,1,20,3,28.4493343010107,1,488762.247032153
476554.409912264,1,20,2,6.62062692518775,1,492615.505643611
459098.459849105,1,25,1,13.870166878192,1,424724.184470628
428573.822940905,0,21,1,26.5081629723438,0,389980.941582702
565880.755116609,1,20,3,14.84294124036,1,545056.52894702
552227.212605334,0,19,4,20.043615621147,1,530634.000790749
422594.069472064,0,20,1,4.63124694481617,0,441255.902114258
543874.873529406,0,23,4,11.2938124475535,1,570776.803427747
466004.221000587,0,20,3,7.65522125185179,1,512463.680497333
563616.468413166,0,20,4,11.7236145176621,1,566858.444209283
553751.226731425,0,18,4,-2.48860806955119,1,581313.452007467
459779.217101242,1,20,1,-0.0209570739497913,1,432421.904524822
573018.145312893,0,19,4,11.4461086787903,1,577001.553628514
543311.287538414,1,19,3,7.97551432543791,1,585977.397133048
551460.940049916,1,18,3,17.2471489778619,1,538263.735074043
550403.101261272,1,25,4,8.10773817912659,0,527717.333609064
497613.25610034,0,24,2,8.60560099464583,1,455879.612930456
497231.577251274,1,21,3,5.76064880000251,0,552338.548505912
438818.578914469,0,19,1,4.66986233638909,1,460130.042125469
510304.203650432,0,21,2,13.1660353658519,0,471278.751189433
569604.82670249,1,21,4,9.2983543092295,1,609221.338512745
504393.271142404,0,22,3,26.9348564071373,1,508724.970770663
493130.663644593,0,25,2,0.286732731734196,0,496009.667995042
489990.02756906,0,23,2,-3.01633800314454,1,541136.238090287
479155.899336682,1,21,2,15.5277101710361,1,515295.524766701
474763.661003655,0,24,2,4.56667961264675,0,463285.684805029
427679.232506331,0,20,1,15.4866267506299,1,463827.151150848
480693.484665616,0,19,2,7.17052163106126,1,489467.619042581
497295.438082036,0,23,3,5.67122145500751,1,546230.870851039
462715.080256449,1,25,1,16.3903175946102,1,449995.922552091
493501.474884722,0,18,3,6.48847487573243,1,501310.945340654
496786.999376883,0,21,3,14.3907445383861,1,554598.562798669
432693.708739509,0,19,1,14.4573306169186,1,461589.263807713
483586.563587349,1,23,2,13.5386429749787,0,478815.292769512
483147.693547857,0,20,2,12.967299897878,1,486730.955399343
514999.604973872,0,19,2,21.5172497897171,0,424236.879267594
573246.914066293,1,22,4,22.0359813536292,1,581434.405405421
478415.782711173,1,19,1,20.5831342072475,1,440539.88501612
515757.510754232,0,23,3,27.5820923003771,1,512877.784794042
476395.185451513,1,19,1,4.83020106385622,1,428473.787670818
435502.707887657,0,18,1,15.2279474745477,1,468382.611924334
601543.859662606,1,18,4,1.91693175146815,0,556941.148536336
473868.674718462,0,25,2,-8.35471596228312,0,476408.622775052
453780.5805563,1,22,1,5.27131157713547,0,421317.654155705
466706.3843131,1,22,2,4.30860810303369,1,491715.367711406
488289.66944378,1,20,2,14.9859628782822,1,518960.692974528
444505.118637246,0,23,1,7.8033472948851,1,455854.228719414
571921.593507504,0,24,3,16.3261631738608,1,507668.860043507
589443.012725069,1,21,4,15.0387917935058,0,527021.441815876
466099.169823081,0,19,2,14.3052710254868,0,453655.566813354
513602.590255187,0,20,3,1.4289704401487,1,518039.687906068
507570.541958456,0,18,2,18.3441137180701,1,481945.870046316
463077.110499695,1,25,1,8.3067888172887,1,474002.666164045
494411.89432601,1,22,2,5.38109139558712,0,485890.598629848
457458.675867491,0,24,2,8.53301137345595,0,480222.642175872
487997.24289091,1,22,1,2.35111334424603,1,459631.285945933
527009.000167745,0,18,4,9.86393688801395,1,573834.991312206
475286.076222071,0,24,2,-1.97855820526286,0,534143.152682702
565355.857583372,0,22,4,-1.50794480175816,1,559881.53022246
524014.557170263,0,21,3,0.642674582157433,0,534101.784647621
540870.441221406,1,22,3,7.33873033937184,0,514045.860653008
503368.517323329,0,22,3,4.32754825176252,0,546625.158909283
575666.836435783,0,22,4,7.88275683505571,1,602717.229948176
544610.146584861,0,22,4,19.2761279226887,1,564806.956225361
503703.918087133,1,23,3,5.20807907100512,1,533391.290138668
512816.39311353,1,25,3,0.43656480603423,1,560920.553300872
576510.876201199,1,24,4,10.4169981966717,1,581110.649811869
558065.960789434,0,19,4,24.9527754384201,0,531887.103848856
558025.99800754,1,21,4,34.9396571800097,1,542930.869503552
439088.57593399,1,18,1,10.1528809012381,1,469229.347619265
461417.678922542,0,25,2,5.18950919099007,0,455458.096079498
576415.160731187,1,25,4,6.8730884128083,0,552358.403002092
465083.159339363,0,20,2,24.0726438452895,1,448755.036097252
511266.282155258,1,18,2,6.81958406226933,1,484045.399330458
595805.419577324,1,25,4,12.3833810777982,1,505029.100436146
499900.392892695,0,23,3,21.4163168742609,1,550578.28789985
548476.808047233,0,20,3,17.5595707450909,1,524207.263555407
565141.999769546,0,21,4,8.87622351000566,1,542863.388405057
520702.895189019,1,24,2,1.19150601020342,1,482818.719071579
523437.72265637,1,23,2,5.77401598548026,1,473339.512615485
557418.042075205,0,22,4,9.62906541451714,0,565925.673687995
520825.616421265,1,23,3,24.3343367764106,1,520578.901010035
462636.490935682,1,19,1,10.8350018700467,1,436044.469054055
505581.986433998,1,25,2,21.2281189284304,1,506565.579357207
537722.568891862,0,24,3,15.4617569316329,1,513608.194748258
494313.885740962,0,19,3,15.6769433809046,1,530208.872993978
465228.763088027,0,24,2,10.1508705456371,1,467945.255946272
481561.099043879,1,19,1,12.55209571966,1,407904.723750525
546058.162137146,1,24,3,3.74104777293222,0,545998.102226245
597717.408518495,0,20,4,11.0292580248277,0,544500.471873916
502686.317509478,1,25,2,12.718693343433,0,468131.066065404
498430.238160198,0,19,2,14.9716264022657,1,482983.779945465
447511.062671248,1,18,1,10.5648446380731,1,470896.764476999
468702.646609697,0,22,1,9.30726309589706,1,463990.796380911
580527.060186234,1,19,4,6.49611343801084,0,558850.482604437
446664.689924643,0,19,1,6.7871167674126,1,421903.519023478
409290.127812155,0,21,1,11.7483911363039,1,458006.835005935
489807.839639595,0,22,2,17.1085403217105,1,525979.362835194
463408.349877913,1,22,1,14.2378626850249,1,437680.111660843
438857.083998632,1,23,1,22.6919027800834,1,489396.469581632
446828.461778005,0,21,1,5.68017359827541,1,468465.239545036
487565.318387109,0,24,3,-7.39720662244261,0,508088.374591233
419454.378151321,0,22,1,11.0054392812989,1,443710.939197041
583774.236863814,0,19,4,18.6073678919435,0,519912.128816627
427652.277167741,0,24,1,3.60790287694533,0,434143.260698379
531493.286441976,1,25,3,10.1183373391456,1,510595.126791607
525071.752466778,0,25,3,18.4088353278759,1,518060.116891727
545608.580780551,1,23,3,16.3188672523158,1,542860.396432623
478568.595852238,0,19,2,-3.49582461652281,0,479903.027246062
524106.258068307,0,22,3,13.5468930640089,1,543504.743712901
534091.211366652,0,20,4,12.7422718042803,1,579462.608263192
462150.973197334,1,19,1,4.72060937231195,1,434381.457046835
525707.551204471,1,18,2,10.8504715796986,1,515382.419534976
536963.747059811,0,19,3,9.95251001710661,1,526183.534675766
552688.882146586,0,22,4,5.90365431224977,1,563808.968597713
450459.902719026,0,21,1,14.0299570807049,0,425789.873381982
557585.339843704,1,23,4,18.4087636409338,1,568265.850299998
598345.68972202,1,22,4,20.4168729771615,1,593795.436410395
483274.244222099,1,21,2,6.78345893536856,1,519524.972151127
437146.177378725,0,18,1,1.23307032336099,0,432930.686998679
510056.381017575,1,20,3,-2.7136325339443,1,551128.298281825
531105.594196095,0,25,3,4.78115452638784,0,504872.754861056
555199.425927633,0,21,4,4.02366520545753,1,550932.54788261
599717.263267982,1,20,4,12.1494625021935,1,582307.926658038
484653.011162712,0,25,3,15.6461802550906,1,542647.77837983
494675.609280612,1,23,2,-13.0829769566789,0,472280.862823066
550702.207809626,1,22,3,19.4216125799246,1,520908.195196605
557627.822073864,1,19,4,17.875666765952,1,609489.416346411
450501.966965029,0,23,2,2.88548261022642,0,458346.026578891
461792.144261945,0,21,2,19.7874218866839,1,493416.479662032
442668.637349171,0,24,1,13.7873927007155,1,445289.737195766
536177.957655062,0,25,3,0.661028262061221,1,509726.144577042
506936.184084281,0,24,2,4.91192787400397,1,497853.363059561
467318.421683565,1,20,1,12.3405241979316,1,454952.423207776
430932.599335636,0,18,1,12.4412150191253,1,466755.376922369
546408.023717361,1,18,3,12.6132324200617,1,511518.087713466
430636.21464773,0,22,1,5.54222758314302,0,439501.375534369
520323.930750007,0,19,3,25.7344541432623,1,515786.303176494
540113.328036542,1,23,3,22.5625008513307,1,536836.56374789
518864.583347588,0,21,3,4.29569769089001,0,501562.526311412
533312.405711178,0,25,3,9.97467656947246,1,553686.095785851
618786.686451747,1,19,4,-3.19705924270255,0,568503.813384408
524224.372031799,0,20,3,5.81527226577702,1,545315.590869219
566418.744168456,0,18,4,-7.48192565943924,0,542422.409121108
540256.328557177,0,22,4,11.2135720862992,1,564693.708157533
524973.346250641,0,25,3,16.7665703152815,1,513148.17009381
466550.904031115,0,24,1,27.5275900654445,1,436782.886035971
478013.839074841,0,25,2,5.32490838750731,1,494679.479219971
480433.010333351,1,22,2,10.8585581138087,1,516819.422827987
581839.055787199,0,19,4,22.45966584816,1,554978.283787056
559508.183539137,1,25,3,-0.968758185214845,1,559151.206248314
475129.755114344,0,20,2,-8.49212012517981,0,479503.078613938
528218.63276668,1,21,3,6.54302339903131,0,462661.796656023
514091.766544495,1,19,3,37.3445080381523,1,501368.629041667
490706.074862635,0,18,3,12.3038315618093,1,553290.411390017
575358.06847091,1,22,4,8.15103834899422,1,552515.550802409
542164.430595936,0,24,4,10.0097604790055,1,572302.661482068
435332.169447971,1,20,1,8.54177934192631,0,461923.787727585
514785.731173776,1,18,3,11.8970706722214,1,530954.703184941
423041.995818308,0,18,1,23.7241510995538,0,416567.311509094
566187.375433212,0,18,4,14.0698855403762,1,567813.790626435
568505.173038676,1,18,3,13.8367148238647,1,526787.408437377
534042.226191556,1,19,3,11.8310223827418,1,524330.656602528
606778.599681864,1,20,4,20.402510634603,1,556355.862176953
496823.293380982,0,19,2,5.08075038445737,0,461992.644990988
428868.167396545,0,21,1,16.7450271085082,1,469432.09213023
517168.843214197,0,25,3,7.15329627263015,0,516853.820925267
583534.014679363,0,19,4,-2.19134529457784,0,560001.027306615
460001.167627733,0,23,1,-11.111151753427,0,430970.458498015
472351.617608455,0,25,2,-15.7940393326166,1,518813.233002393
577731.497180996,1,25,4,29.0516562755041,1,564326.256799115
493027.632740179,0,25,2,8.04989868690821,1,454010.156670455
543634.137898228,0,25,3,-3.39015041844626,0,498150.692445024
552781.70231179,1,21,3,21.4214647811753,1,543551.125407672
513399.792887364,0,23,3,9.6055286481245,1,534881.958768921
534182.378400084,0,18,3,12.6677553897301,0,514878.808837088
532580.506506658,1,24,2,21.1442730082411,1,491634.084449751
533936.910529617,0,24,4,4.55211428428936,1,555117.555515522
535044.803921374,1,23,3,5.0219814497736,1,547166.753653928
545612.980171237,0,20,4,0.602893244634261,1,581290.337853107
447644.29616985,1,19,1,12.7817295414943,1,452992.591139257
518896.180477626,0,23,2,5.28539643962344,0,448201.041364157
540219.703364972,1,19,3,-0.604886418978667,0,530586.37979635
549756.99017375,0,25,3,12.9441079900295,1,529985.051609946
524881.79782521,1,19,2,8.89109945006902,1,510331.269773788
487385.526819451,0,22,2,5.73508146035833,0,453233.658554846
493059.278146172,1,19,2,13.1747635889219,1,471734.119200343
571422.42879022,0,21,3,6.89156036855674,0,512089.393722152
552927.891129374,0,23,3,4.43590968177745,1,500299.899735543
603472.989257481,1,23,4,12.5226353972526,0,571590.71373262
488933.235040591,1,23,2,15.8969439722101,1,520086.875837134
593093.896783916,1,18,4,9.33786848140799,1,545326.30726138
465447.737026391,0,23,2,35.7619492394305,1,460732.355971061
508688.805410208,0,20,3,12.3967227066902,1,538666.709772152
499227.214602171,0,23,3,-0.212021509701458,1,523377.257582451
521114.756886708,0,21,4,7.48696177087586,1,591592.103014971
477420.503697628,0,18,2,16.3605078768775,1,478488.058723613
560814.116752017,1,18,4,5.63815527963926,1,569922.205405217
563776.758744673,1,22,3,18.0071190130279,1,499177.285242545
519952.376298936,0,25,2,11.980433834163,1,492721.745156246
546861.5132655,1,20,3,4.70319049852423,1,528981.875814121
542443.116398501,1,18,3,8.51311125582216,0,518513.253846858
525512.550820536,1,24,3,19.4126179344999,1,536366.523428069
524497.272987186,1,20,3,16.0936056104198,1,527532.698625262
447275.155699353,1,20,1,1.21667977447476,0,420486.747951586
518887.591415098,0,21,2,-5.47266153402535,1,508061.301924364
498533.809646182,0,18,3,6.81508891434906,1,523601.022208665
568249.858556311,0,20,4,-8.57437893340897,1,537448.439063291
465802.502974717,0,22,2,13.0785859250202,1,534126.31138436
481069.761901806,0,20,2,-10.8832967612711,0,513851.336248305
452605.04591162,1,22,1,9.64158164277611,1,450393.819130813
456481.669356727,1,23,1,14.6166651845466,1,425823.149131068
511790.278400439,1,18,2,13.0353433776578,1,449943.361649511
513022.487055936,1,20,3,6.98968967390207,1,529522.397494645
589867.467219538,1,18,4,5.71811753358346,1,561351.815350149
523097.811557675,1,22,2,3.39670182787497,0,503693.141828399
481361.808147232,1,24,2,12.3007175699625,1,463496.171520752
517786.386913171,1,21,3,18.6643662466206,1,563256.537740102
504454.01333331,1,24,2,-4.37828905168709,0,438332.3403239
429214.756367005,1,24,2,6.3763596520648,1,505547.542561307
532499.610104742,1,20,2,24.1960897084891,1,481131.680227572
545025.33735848,1,24,3,10.7457696242095,1,521825.302027286
469092.372477248,0,20,1,10.3722265764572,1,479610.776636152
545383.28621849,0,23,3,-0.725998229174426,1,511284.142967268
435104.545852549,0,23,1,-8.88310776578472,0,441433.370654897
512279.061740171,0,18,2,1.79834905390216,0,484393.731690425
424971.081953386,0,25,1,5.68679485767505,1,463123.605860253
628563.345311659,1,19,4,2.379368831348,1,553251.796142229
487659.801995467,0,18,3,15.6970798187015,1,511419.214078609
519526.434716432,0,19,3,15.8830676688053,1,533444.649030682
455693.219675666,1,19,1,9.27293019894108,1,460182.122310326
451321.350831798,1,19,1,0.64423503438632,0,442924.350421688
458230.770818861,1,20,2,8.42798074288342,1,489823.486036487
442814.861627593,0,22,2,11.340453072452,1,496358.442056597
501607.146143773,0,25,3,19.7131838607204,1,527220.533214313
534489.121321656,0,23,3,28.4623788079344,1,514805.608059682
549163.720174066,1,19,3,13.5768521959701,1,560491.539872464
570265.555197985,1,20,3,5.34197375257672,1,543654.657996581
569637.647512966,1,25,4,14.723685417661,1,567997.130292583
515877.343737649,1,23,2,26.7736857109212,1,509825.958881145
490757.873645729,0,23,3,9.01830562645288,1,520502.753884305
461168.080135846,0,21,2,17.604403339752,1,413813.195357338
465592.363180129,0,25,2,8.29396977678991,1,508939.163949294
523689.356863609,1,20,3,3.09502429897716,0,513750.500028258
483127.397540001,0,25,2,32.7423117273429,1,480818.470720932
573136.163417544,1,18,4,17.3466158647027,1,584073.678083437
462636.369915183,1,23,1,-1.69934725223431,0,430233.412545559
463456.210104922,0,19,1,25.5624336005031,1,443508.667857148
496557.879911163,0,19,2,26.8227587697769,1,478940.311804293
574279.020953482,0,22,4,9.04475261879488,1,586225.091658119
506573.201009547,0,24,2,26.3373910847038,1,512190.587932634
492489.294619811,0,20,2,18.6394516279294,1,487756.64891453
460955.175476538,1,20,1,1.3564931018568,0,420485.576998797
557557.515859178,1,24,2,21.0138441738269,1,477061.256264155
535193.422675745,0,23,3,7.81029402772668,0,501001.027260595
422014.455267367,0,23,1,8.03059957775813,1,435198.098882533
550164.960476538,1,19,3,19.9959421460032,1,505282.44661637
462709.127911224,1,19,2,19.1897308876038,1,529889.595380337
497704.897499387,0,25,2,14.4828989059973,1,486417.794270181
503855.094938711,0,25,2,-4.39204334345677,1,531715.044610892
583191.993071217,1,18,4,9.31958646299785,1,532579.039063645
504297.64425285,0,24,3,6.35847082408812,1,551027.577472392
445414.85950457,0,22,1,19.3042488157881,1,447404.122049419
515594.893414132,0,20,3,-0.0640408181659069,0,542149.949968417
498325.489555598,1,23,2,28.6556878998806,0,439108.541772876
554152.722415623,0,24,4,4.99093380885161,0,575904.304614861
520552.372084532,1,21,3,21.8529592390181,1,542909.324260861
622339.294641976,1,25,4,12.6079733561716,1,588354.889559483
458442.219707722,1,19,1,-5.50497807868368,0,436887.103383098
492257.810286883,0,24,2,-12.0799232460624,1,506376.600186368
599098.411006769,1,19,4,-19.4348749994442,0,538537.233956842
585377.776949273,0,18,4,6.51483948136181,1,567735.913389742
590370.404586368,1,25,4,-5.37895068131139,0,558154.442735267
458177.530968113,1,23,1,22.1843691169831,1,419737.864604063
569802.621052278,1,20,4,17.7376920482192,1,539776.180203666
473121.547154264,1,24,1,9.49482678334202,0,450038.308226618
468181.526331481,0,25,1,33.8435781527753,1,470550.046399886
595111.449474034,1,20,4,6.09113916769141,1,597210.658651322
537769.263003598,0,19,3,17.1039148307952,1,535840.908435775
485316.291690582,0,21,2,15.6251702725221,1,453085.639061041
555646.649665834,0,19,4,-7.42937856357747,1,572945.24812367
507720.716803714,1,25,3,21.164855007012,1,545450.373741871
427224.889028298,0,20,1,9.60615656814212,1,437882.424465313
499902.684507064,1,22,2,7.32721138672168,0,430167.288150389
445114.629869054,1,19,1,21.7143604350354,1,444187.489866024
571860.058162195,0,22,4,10.192939485944,1,540783.670373202
486365.131443229,0,18,2,13.8836333462797,0,473895.276817776
531458.919709889,1,19,3,11.3942286111223,0,488959.016610327
620902.517524757,1,22,4,16.6171115157857,1,575009.898347584
549323.421083703,1,23,4,8.04893107859277,0,542119.916945911
474150.563663436,1,24,2,11.2484243790433,1,480189.959598136
520383.442266061,1,20,3,13.7291821555868,1,531352.410483178
548645.39319317,1,23,4,13.6672132709008,1,576457.447065558
487505.536791623,0,23,3,8.71224997755847,1,527158.639966993
491173.925964509,1,22,3,-5.47238906342327,0,511295.340136895
512190.934228093,1,23,2,19.9680516681764,1,477703.42592036
571311.880922034,0,22,4,17.7637400358403,1,544341.184685946
430229.642957291,0,20,1,13.2383799042818,1,432517.573076365
563950.925769407,0,20,4,21.2702965786987,1,565606.42035184
562609.01940281,1,22,4,16.4302351078124,1,571400.634507707
449857.457640232,1,22,1,-3.6074814314787,1,446826.185386708
551560.540580801,1,23,4,-7.05183459921799,0,577024.294126509
475903.319831573,0,23,2,13.8490671451259,1,494151.682124452
487392.985584356,1,18,2,6.31579545565887,1,489075.535296953
486659.005306357,0,18,2,-10.2051452265779,0,496817.200054806
523787.958980807,0,19,4,10.5308157594789,1,625827.994768733
420291.174693436,0,24,1,8.18764241205548,1,428812.578063712
422018.770699983,0,21,1,12.8436874219521,1,440911.198094721
470210.190890326,0,23,1,-7.43609499433763,0,412489.202365299
526219.837392657,1,20,3,9.17551688842829,1,521875.461784304
539369.304846212,1,18,3,-13.7973973481145,0,517496.577873408
604082.852915385,0,20,4,0.133859305545172,1,579522.428989303
582761.837348394,1,20,4,17.6546278754984,1,568791.072686328
502236.639263701,0,24,3,19.2605690352681,1,566521.29700327
520119.942869805,1,25,3,21.6700992627008,1,503452.822489941
599024.115701343,1,18,4,28.3938091761842,1,530938.394350829
547614.730120412,0,24,4,19.2415527175789,0,548419.704978777
486007.013602067,1,22,2,1.80671840449085,1,485117.773370857
543562.746406739,0,24,4,3.14976977241391,1,591292.29226391
476447.114431754,0,21,2,-5.47815748110809,0,462846.349000569
531539.886451263,1,24,3,11.5162422061243,1,507542.067635387
533075.101645441,0,24,3,32.5059362680842,1,527370.447455058
550982.740336047,1,23,4,22.7831241280776,0,535234.031866504
552271.888973642,1,19,3,3.66508739996813,1,505476.94769396
438853.901428908,0,18,1,3.2635914714676,0,432311.364276337
593898.882885106,1,19,4,0.22121926907441,0,554556.583706428
549087.879106807,0,18,4,0.0572413561860277,0,565631.41414697
484953.157569395,1,21,1,4.83171637441311,1,462584.563462345
468568.135486546,1,21,2,10.0213380209409,1,498943.652355112
485247.278024474,0,21,2,14.0010777003552,1,506264.530638924
484587.035538891,1,18,1,5.28617560927146,0,434616.866369845
469342.632127526,0,24,2,21.4938624818104,1,483757.953348554
521019.618155461,1,25,2,18.238697205344,0,497070.666950369
445889.166612732,0,24,1,-5.32948987490505,0,444649.310139247
549993.323397745,0,18,3,7.86690220614771,0,499454.156974723
436311.613033616,0,19,1,13.5885331245594,0,389677.055692189
526172.55422513,1,22,3,7.71755434160647,1,547752.705559315
509682.961249214,1,24,2,27.2054483164402,1,473748.004148947
541950.875833223,1,21,3,-0.185715725476875,0,542870.972126694
566114.810961879,0,21,4,18.2395028519657,1,562580.299664123
538350.635297965,1,18,3,7.03249602014179,0,523087.603900907
449795.335758982,0,22,2,30.2709363868315,1,494918.76595524
567153.870434781,1,24,3,13.2479142164517,0,496966.715029432
552656.079079623,0,19,4,-7.61139480939972,0,560454.980759914
541939.128592198,0,19,4,-15.1404177819788,1,560766.153315019
468449.227963138,0,18,2,26.366530176668,1,456022.298207584
506370.594789562,1,18,2,12.6726936724173,1,455754.254412814
473964.319880782,1,20,1,6.88177338988432,0,442241.904475519
549362.780064925,1,20,3,-4.92338433335858,0,528016.329840411
516838.216746971,1,24,3,-8.64493519215395,1,540716.820661173
520255.866657423,0,18,3,5.26477714246402,1,542918.720844775
562444.375500881,0,25,4,1.21651869955572,1,562243.638178692
504405.390913636,1,20,3,3.12945797470212,0,527763.384451038
498310.959332535,1,19,2,1.15374721413293,1,509533.243293863
559613.368548457,0,25,4,5.05486186948283,1,576046.209020582
428623.778559606,0,20,1,12.0768302021853,1,447432.639320603
434348.390965209,0,25,1,5.27435554842175,1,471586.015684017
503532.278264002,0,21,3,12.6921278959092,1,516850.492717458
602538.691328748,1,21,4,12.1158188834724,1,550268.124313634
488118.996508862,0,23,3,3.26098543398874,0,528076.807160466
521586.038140412,0,25,3,-6.03497397026076,1,530105.723027811
444968.600239782,0,19,1,19.2689530605947,1,465438.392048123
598326.663801251,1,25,4,18.9412945442679,1,583424.312325618
554430.560925178,1,23,4,19.8075200876707,1,543380.613994892
507126.54076954,1,19,2,6.98445513039431,0,432497.133199437
547883.133277505,0,20,3,-8.03619203943721,0,516088.719515775
531849.712062648,0,19,3,18.1647393360961,0,493588.166492107
538843.533138195,0,25,3,-0.0583773239902747,0,505343.288670108
513675.612693819,1,18,2,21.1416507899407,1,499708.388817181
522675.810543123,0,25,3,-3.81761898665879,0,547582.244345599
505157.184010326,0,21,2,18.7712108541902,1,477508.578424457
517890.649148228,1,19,2,10.3861093445589,1,484889.309010288
494973.757532021,0,22,3,0.270411919181566,0,506978.587467708
522512.387066831,1,23,3,-7.33076553025335,0,570048.544266056
446532.13203678,0,22,1,6.76415558387526,0,415649.844534671
504725.608232502,0,25,3,-7.11396934475215,0,516288.461885918
607598.689933622,0,20,4,12.1084213215578,0,544471.253530469
498827.656046977,1,21,2,-3.74183014080929,1,527092.776454557
504231.529209607,1,18,2,24.2254547888883,1,486698.36891916
496448.763139031,0,21,3,14.2208573341594,0,526488.508094418
468196.437408678,0,24,2,2.30761202424546,0,476488.652610193
504849.504390785,0,20,2,-7.83794518733358,0,491298.560139647
448318.675931455,1,20,1,-4.50370273272962,1,471048.097341321
478889.195020051,0,24,2,27.0627628369591,1,501577.960050892
542154.560525715,1,22,3,14.4068840393612,1,513725.484253086
530800.728880208,0,25,3,7.31981671615989,0,558471.268628359
457369.975791647,1,23,1,14.105337840768,1,463052.136106956
501472.954789262,1,21,2,16.2011209910082,1,449425.424448471
536590.333962091,1,24,3,33.6237439867946,1,522966.967349779
416695.839949048,1,19,1,-0.887221256294737,1,441330.553782934
458714.027234379,0,25,1,-3.77555376862261,0,455597.187006633
529744.385825492,1,18,3,16.7888260561199,1,505853.892244794
465054.612376947,1,22,1,13.5740173101561,1,442069.269558447
447890.112654798,0,21,2,18.0210957721975,0,475768.403511844
510311.317192445,1,18,3,17.4208150481816,1,497783.840472753
419635.472353612,0,24,1,36.5990400056421,1,396739.752260392
558948.402555056,1,25,4,-3.33429698327372,0,546030.001243119
593245.07304303,1,23,4,11.081857548065,1,565351.387593345
559565.75749296,0,24,4,13.2440537582943,1,579255.132203023
492493.354869795,0,21,2,18.7850139579263,1,503219.537714161
477973.581668434,1,24,1,23.8783925824488,1,457117.747503384
577153.704506515,1,22,4,5.88914849641988,0,530729.507506517
504563.748211843,0,24,2,27.9271739189619,1,489601.734992411
494734.114516932,1,25,2,5.74822530462315,1,474860.195406581
441395.999396056,0,22,1,21.4169467387268,1,463230.136696272
574359.643034429,1,25,4,16.388596522037,1,540653.487751318
428948.436744215,0,21,1,19.1540966291186,1,418471.573094932
431137.966080402,0,20,1,30.1080997072044,1,439756.759388171
488907.842680161,1,25,2,1.05477394061854,0,475107.235809968
512902.94369386,0,24,3,6.18291387829329,0,528174.821070711
628051.257475044,1,20,4,14.9520680589455,1,535951.303815869
518840.076048643,0,18,3,26.795731067258,1,517560.864186445
532718.040204822,0,20,3,11.8940540224037,1,513441.355363364
489799.118607802,1,18,1,10.8120352733768,1,421304.958411185
534553.791956951,1,22,3,21.6289903786246,1,502636.511445216
556199.678153895,0,23,3,26.4907767303907,1,521444.504401313
570473.365076582,1,25,4,14.5529575430621,0,521628.505558687
477030.267976702,0,25,1,27.0517776932653,1,470439.328450071
483987.974990765,0,23,2,12.6850946524339,1,478575.061356392
508130.843762667,0,23,2,11.8173588262452,1,486501.774805226
530027.43564528,0,21,3,10.3232839172023,1,497576.009011971
578861.529568878,1,18,4,21.5810474210932,1,564227.764218886
571237.961128305,1,19,4,23.5840325321047,1,574683.163454572
581774.978127344,1,21,4,7.47188093828988,0,541098.798313937
589360.632354797,1,23,3,-8.92933907594756,0,538334.138906856
482003.208427637,1,18,2,10.9952493132832,1,494203.838922735
515499.144224907,1,23,2,21.2045169993073,1,465905.135594424
449605.349715566,1,18,1,6.43970753505686,1,426398.039081209
552400.396119532,1,18,3,6.8607810740349,1,521217.782936833
465260.975722909,0,21,1,8.03449447274319,1,418252.304566063
606111.101736699,1,22,4,9.68091996949561,1,587716.199775918
545703.987884576,0,25,3,-8.42084870128936,1,535428.852560594
564114.152468784,1,24,3,8.1647866400521,1,536249.474307221
434299.730559374,1,19,1,15.9096123926539,1,474244.372194994
511465.901731542,1,21,2,12.3731528094981,1,499750.559216308
522272.656783696,0,21,3,-10.4349819100935,0,538203.538545497
431857.248391646,0,24,2,7.22310720113288,1,485111.195696541
589876.075609062,1,21,4,17.8564835586695,1,542253.118873767
506869.561423364,1,24,2,-6.3365223200364,0,466029.415579109
440864.963432504,1,20,1,20.0260173687225,1,458278.023978791
448682.779833294,0,21,1,20.41688180743,1,445819.925113805
455012.613338086,0,24,2,13.4933689692518,1,484616.543432475
444225.541854352,0,22,1,5.28642657465631,0,424950.12123532
534109.438035161,0,19,3,14.4512513263413,1,530030.063963587
544849.692277885,0,18,3,-1.03413202656872,1,549076.564768939
572505.279941503,1,21,4,25.8925534611383,1,575585.33679934
545090.312201203,0,22,4,17.442355465361,1,560118.582215012
582447.506613896,1,23,4,17.938576327974,1,581256.614203937
476701.696963401,1,19,1,-4.03045793347274,0,448368.249418718
536217.714125507,1,25,3,9.27655766482233,1,507886.575190508
500264.914957182,0,19,3,3.31365959979274,1,518112.253285846
551648.617514766,1,18,3,18.7658944872903,1,506012.485421276
472849.183964362,0,18,1,2.38766114131674,1,485897.223173688
512635.555984531,1,18,3,3.26520194969157,1,562052.963710148
536247.257493232,0,18,4,10.0363985307513,1,560419.143687376
581632.64029826,1,25,4,17.9651104418933,1,550650.511280899
493471.115432629,0,22,3,17.6449875667242,0,500845.229531576
525286.642199484,0,24,3,1.51608070363174,0,543153.366012696
514413.225871128,0,19,3,0.202632519985297,1,558410.835139101
493787.496873111,1,23,2,13.5795783398698,1,532361.472626032
518646.09952381,0,21,3,31.3297690394622,1,527811.833325877
529287.498882412,0,21,4,12.9784222060058,1,615497.232767231
491375.544607854,1,25,2,6.62683156064718,1,500217.122042982
560793.326947967,0,21,3,10.6823692562533,1,516758.241141555
514482.413975737,0,24,3,25.0145937789651,1,504498.73629525
590035.5317145,0,20,4,-13.9318349854286,0,528525.314001087
567355.697002393,1,19,4,18.3602530141662,1,580657.901688654
454610.013966476,1,22,1,-2.85243683885115,1,448096.262169841
580609.603849415,1,20,4,14.0327600767854,0,557922.622801594
529605.33830711,1,19,3,2.17931067294997,1,503353.518818648
555633.578731915,1,24,3,-4.56210260379349,1,536240.881812055
510899.015031186,1,22,2,-0.893505300971908,0,472377.354673212
483292.093727072,0,23,3,20.5199748031675,1,540295.137101292
529052.36321737,0,21,3,15.5438969258726,1,517536.121920906
609429.130376748,1,19,4,27.3107767389439,1,584001.244325028
511850.595064879,1,21,3,2.35334598761838,1,535169.202061625
448300.33561822,0,24,1,8.09040538636591,1,466387.071606102
507415.276384012,0,18,2,1.4036059858749,0,463035.126821163
583376.637537324,1,21,4,15.3379551012577,0,563226.137430027
610195.072299288,1,25,4,1.38661507988013,1,569817.021582408
517383.108942202,0,21,4,32.5030436724802,1,592299.339207558
481573.96214853,1,25,2,4.06397289914313,1,490787.872926638
455376.563536029,0,19,1,33.9968292682424,1,490216.835620833
444561.264485481,0,18,1,17.607539935883,0,399935.673669442
448421.747511128,0,23,2,29.3109787133656,1,510759.138967425
558826.585346967,1,22,3,16.2105185941217,0,518993.682473537
500738.463482955,1,24,2,7.24738063794837,0,456705.414836943
582962.291369855,0,21,3,5.49548958588025,0,510597.366553969
491414.607306766,0,21,2,-13.356845793016,0,468201.470012863
468508.32204181,0,18,2,7.3884542795115,1,493022.575086383
531896.193834243,1,21,3,32.0167480170674,1,523228.295728627
572779.220517831,1,19,3,14.5100273055541,1,547676.087099415
523120.379746188,1,19,2,8.23275839001193,1,516371.626132469
468229.450360911,1,24,2,11.8708766030595,1,512417.569622905
521731.679549788,0,20,2,3.9170256383979,1,495948.687723863
533634.744767611,1,22,3,4.79567179806929,0,505738.165722099
428057.706544022,0,18,1,16.759731131082,1,417856.081534062
438472.541076827,0,25,1,23.632697379045,1,459206.256064219
533583.640830152,0,19,3,6.33223906236607,1,530424.918898445
598071.970942853,0,21,4,19.9824260943623,1,550756.22007731
540114.067473497,1,25,3,8.39094074215997,0,493933.850933997
510722.513766526,1,25,3,11.672678807089,1,530809.35073846
450869.249130502,0,23,2,22.0446964478596,1,476403.604342263
510669.514027636,0,25,3,26.5068596547432,1,540433.92267958
425821.151245069,0,21,1,6.31293106573985,1,480959.376548534
490444.287839031,0,21,2,16.0778533544834,1,482372.947014018
486799.525465842,0,23,2,2.56429936472287,0,456146.492300273
544209.61000683,1,24,3,-1.34665872203093,0,526951.715023503
489238.600926161,1,19,2,2.86363879920431,1,478708.386850537
466656.873897786,1,23,1,8.90213318649318,0,419478.286887788
620396.272045474,1,18,4,21.2135035282545,1,555489.285683978
557052.286763423,0,25,4,4.35905435664761,1,588260.332077199
463406.324151908,0,18,2,9.9733946758917,0,470666.320966489
580212.182046465,1,24,4,-6.03810263518321,0,539719.583492017
459516.802415501,1,21,1,26.0100356891496,1,472441.571496243
474263.193753677,1,23,1,21.3831122273536,1,429735.087105531
511240.850583778,1,21,3,20.6990108812377,1,509390.536406051
436737.050581572,1,25,1,-2.98998415893877,0,451680.748708455
489359.393747402,0,23,2,9.9908880074291,1,494777.9677723
552611.29216006,0,22,4,11.4005362205551,1,588383.259514234
525988.585033196,1,25,3,29.2952626835399,1,489977.04847583
476808.866477801,0,24,2,8.13823974265435,0,445922.408542423
560572.13172507,0,18,4,6.19779560279116,1,553474.173141681
474024.86739519,1,25,1,-5.52535722701778,0,457335.798806128
549521.799019928,1,22,3,16.5640152296535,1,513868.488514062
495447.024386563,1,23,2,16.3061678943165,1,505422.122249636
491360.930291788,1,20,2,-12.6815488642927,0,491412.906083293
487740.638392215,1,24,2,5.02258926114088,0,460894.665871069
514844.660853715,0,21,3,29.537045238307,1,546259.496408532
589447.701528476,1,22,3,-18.9115893151168,0,532421.178573109
521982.671260601,0,20,3,9.1639900569187,1,539930.136296956
591858.096210864,1,22,4,3.16212285350434,0,549495.742725609
543542.293199658,1,23,3,-6.02968111593658,0,524805.114266056
519657.128732718,0,22,3,10.623973834911,1,532092.851050066
513398.620170301,0,21,3,12.2409445211769,1,512730.863438553
578802.87968046,1,23,4,20.2142761946316,1,551764.203441175
521998.540289758,1,19,3,6.11301105304869,1,520222.880167244
527576.044613317,1,25,2,14.1093547103285,1,504163.334975869
526459.389930889,1,19,3,8.9033243539658,1,529626.956100048
550579.583790877,1,22,4,20.7229140385819,1,558514.163494184
464536.769691999,1,20,2,22.8982383324955,1,482196.59910934
606725.655407488,1,19,4,13.8281724517535,0,580611.727092163
535066.286275091,1,19,3,18.16955754354,1,505520.952129404
547611.061040234,1,18,4,19.7056151060274,1,574861.457418591
451979.339381032,1,23,1,24.8058979577461,0,426530.80099031
496072.530637293,1,25,2,1.77457576143006,1,482981.521955614
435896.368526762,1,23,1,6.45406659120707,1,458060.69757444
450330.357124724,0,24,2,18.4593604434356,1,493866.496768306
501704.820988641,1,25,3,5.82873855796119,1,544666.915015546
559752.771514992,0,20,3,5.53028665221532,1,585948.378175289
492348.588464827,0,20,2,6.47198171841004,1,480627.336197278
489976.370057298,1,23,2,4.85628567144335,1,503830.765932521
587129.648944774,1,18,4,27.6681484057663,1,565425.60144852
482594.822678864,1,19,1,13.8780198742021,1,459657.937555561
476745.046524704,1,21,1,19.1627040822945,1,427182.962326301
476224.15535946,0,21,2,21.5921291663693,1,477163.060039309
508926.847073935,0,19,3,21.2016676088156,1,504325.545388121
551430.477297044,0,18,4,5.66291622765032,1,634284.120387613
525381.877017847,0,22,3,6.21146852913687,0,487689.927033417
522287.984188535,1,25,2,0.746808085209194,0,487359.101602383
572431.514989419,1,18,3,25.2509801830745,1,516431.098851461
479801.964647401,1,25,2,7.91077922473858,1,498266.74089148
482906.138058641,0,18,2,11.8991385658717,1,497044.540938404
456540.659537781,0,20,2,7.300275877176,1,491910.763802815
481799.661049535,1,21,2,25.3237873775581,1,482425.3173474
539855.86150547,1,19,3,12.8806382669335,1,539395.462670679
500807.915392133,1,19,2,29.3002725800544,1,475357.521382647
575413.87241687,1,22,4,17.4883400661321,1,569764.233332785
451467.997464219,0,25,1,14.7569381417767,1,414522.153325195
459892.803266307,0,21,2,36.5726794531336,1,461683.191995172
529855.732457939,0,24,3,7.12871568485679,1,488618.921518029
493304.066143698,0,20,2,2.67237149438138,1,477720.830153125
570587.117609801,1,19,4,13.5133788142321,1,584846.564963501
594888.760745171,1,25,4,5.79135778815799,1,602300.021349511
586772.852372205,0,23,4,1.19210299950293,0,583157.196191802
534435.447114801,0,24,4,16.8976749570768,1,531069.177602295
505333.185410624,1,21,3,17.6761666461889,1,528712.501937607
456713.859027315,1,22,2,18.3092597973651,1,479122.289218124
560565.811957203,0,23,4,20.3667225675771,0,514943.486078087
455632.75978999,0,25,1,22.2364716780765,0,418468.752262971
565179.820207285,1,20,3,18.4462971490244,1,537842.988037917
523242.026546496,0,25,3,11.1907670253343,1,528581.688431339
423832.148861571,0,20,1,17.7327692066961,1,477406.258287127
492924.35947364,1,24,1,2.03563353070393,0,431587.957144871
460154.070138222,0,24,2,-3.98109052740168,0,477984.010946389
531840.294745577,1,23,3,20.892029897497,1,526027.063748715
560562.807208451,1,24,3,1.76730211812582,1,545078.350877624
432386.507523936,1,24,1,11.0243881818452,0,404139.049329989
537467.106353334,1,25,3,10.7690293586147,0,554038.027681412
567581.549739553,1,19,3,13.2618357129741,0,506845.841726334
438625.422939091,0,23,2,17.7205304911219,1,484595.736700467
556366.900051237,1,25,3,17.1483763390629,1,542956.858648316
552096.412066545,1,25,3,-8.06448238470884,0,521371.787995268
483970.162963265,1,20,1,9.57152697237309,0,444489.821913768
517899.056769278,1,21,3,24.688867207592,1,490925.716131799
531828.749157648,1,24,3,-1.78428117694525,1,519550.047936497
494791.027724164,1,23,1,5.87087922262077,1,454132.897785128
565596.091707341,0,18,4,1.43778290500156,0,557523.897588882
559634.525717119,1,18,3,6.86794636894836,0,473009.369674012
592510.405502808,1,23,4,7.21697141723464,1,587162.983844058
504577.149310309,1,20,2,6.32286749743972,0,480413.718408889
535871.185856898,1,25,3,15.9610257228536,1,487386.566137349
524458.35734193,1,25,2,19.6567592088797,1,483964.846039447
483787.685195119,0,19,2,26.3257699972373,1,484575.913051513
549132.479571319,1,18,4,21.0095625697807,1,588339.411766286
527032.737431269,0,18,3,14.6710936777511,1,528516.207428533
492099.072762101,0,24,3,7.38824131880692,0,518032.346466951
459172.070998148,1,19,1,2.59092693991861,1,483551.398214487
542092.41343966,1,21,3,0.675016858300207,0,512271.720113573
475212.951579291,0,24,2,32.7345847770021,1,465770.331201597
533224.340999516,1,23,3,-3.21449596798075,1,552206.822136104
486755.679526811,1,24,2,17.7567049380896,1,475046.697926354
514428.532933543,1,25,3,20.1877558393548,1,496350.8024914
581908.314173065,1,25,4,6.88225889086764,1,568334.892845876
586373.05055917,1,24,4,11.7480477618962,1,563601.620744435
479339.337294532,1,20,1,5.95515493252216,0,436263.614478982
564223.682189606,1,23,3,5.38796689092069,1,551955.939645996
438114.881144237,0,25,2,8.0037792260286,1,501094.90071288
531059.421381109,1,20,3,2.05021288833314,1,558307.127390298
536276.172341245,0,19,4,3.90486915581346,1,601773.888303739
510954.051678233,1,18,2,9.8290026196267,1,464205.52368574
448112.943099866,0,21,1,10.8660818969922,1,426581.705512408
487311.788280822,0,25,2,14.8585837264226,1,467678.221022758
479508.821989052,0,18,2,19.2660509830964,1,447675.858046559
464889.497459312,1,21,2,11.3639275825594,1,443967.698853099
479195.580117815,0,20,1,23.570264950983,1,424419.076501513
491884.488526994,0,25,2,25.6410203539129,1,474409.432561856
503615.908080135,1,22,2,21.1816821463632,1,458625.570617236
489554.268660492,0,18,3,5.72500327227266,1,561297.194673691
489872.620422424,1,20,2,4.6915559992218,1,505681.248551611
504973.958759471,1,24,2,8.90496154764581,1,485769.068132638
469874.121827415,1,25,1,14.3146232918847,1,412927.599598909
459080.523599311,0,24,1,2.73572370785916,1,445505.785023817
478113.377096246,0,24,2,23.5278411394091,1,479763.162506264
499093.96513312,0,22,3,15.2035451959378,1,491288.504316371
501350.89259807,1,20,2,19.1309979281663,1,444527.521327147
497433.983357726,0,22,2,22.8574777444304,1,490840.072790306
518086.100544168,1,19,2,5.04999750101687,1,478998.08651015
561688.449771948,0,19,4,17.63318759623,0,551088.747618382
476779.012578932,0,25,2,3.36628917315641,1,514114.51585963
467960.141217252,1,21,1,-1.0052130481389,0,454362.191509126
426619.670682858,1,23,1,-1.40195308554657,1,470122.016263609
484105.48857156,0,19,2,-6.87204801249943,0,447655.842649439
482660.403257736,1,18,2,11.669081560318,1,462181.662918511
583468.017154888,1,18,4,2.90675476330072,1,546988.07509058
589161.465620568,0,22,4,31.7164917663242,0,538239.223837295
457069.970294713,0,23,2,14.1861783302711,1,468848.008223032
475839.804782844,1,24,1,-2.00974004653398,0,458493.725796247
553918.505577386,1,25,3,19.3183285426277,1,543498.930747825
480601.913343552,1,25,1,12.9367111898271,0,429636.768977484
453377.674925454,0,24,1,13.9980440167309,1,459305.863484756
573594.840259612,1,20,4,1.37766697100681,0,574553.62325072
456368.223966315,0,20,2,5.6301098288624,0,457568.140285464
417752.250062615,0,18,1,14.0090874560837,1,430270.429509658
509660.26432691,1,21,3,5.83415721186076,0,545697.814228556
606690.337681349,1,22,4,6.65518605799458,1,616812.78071238
550039.254966294,1,25,3,14.2047743278861,1,525692.24921246
554223.31923705,1,21,3,2.98654284184413,0,516668.806211225
588820.015578851,0,24,4,-8.25768913516539,0,564766.02367227
600109.957789228,1,20,4,11.1091440243907,1,552823.766842086
539509.556671265,1,25,3,8.40721172074675,1,541495.261823877
506969.308332721,0,18,4,15.0878068198175,1,577877.703068916
575051.049520669,0,20,4,0.284994072238314,0,560832.979098259
461975.588288703,0,18,2,1.19644668435074,1,510227.236363366
596648.202316092,1,19,4,20.9558073278583,1,565148.826534818
458620.500741315,0,22,2,-5.30088318468439,0,495918.139506485
477718.148688057,0,18,2,19.0435811896239,1,504533.950687965
530367.623116144,0,19,3,8.39549126001171,1,547700.532753464
548896.597309902,0,22,4,13.0546052692309,1,593133.909408449
466212.407367217,1,18,1,-0.0448186195869589,1,458411.582046376
507062.901422339,0,23,3,8.58940216243825,0,534665.199832633
512578.733001938,0,22,3,-9.79753891463355,1,534655.168878041
537531.708837773,0,24,3,-1.07022827825408,1,539084.589345134
532263.514067736,1,21,3,23.0252878138824,1,522720.895553868
445684.68085108,0,23,2,6.70265891241541,1,493982.055561308
511386.856253902,1,18,2,7.75680688156009,1,520295.040334779
447125.108852995,0,21,1,-2.67697881731607,0,429720.246056953
596936.099515516,1,18,4,7.38847649205842,0,555947.220234578
584292.85529593,0,20,4,30.100455701007,1,583425.725206316
570595.256425637,0,19,4,15.1025024475236,1,596081.93542226
501520.566353084,0,22,2,-14.4368393004709,1,515167.089665311
521844.945170427,1,18,3,13.3118051164521,1,537540.533494685
535994.071772608,1,25,2,8.28699434035343,0,476903.147849912
549082.007370225,1,20,3,13.5394405328757,1,511371.491805625
461063.468958813,1,21,1,4.48408360073486,1,456143.826263566
514313.562692564,0,24,3,3.62297960328539,1,537039.039550931
449173.722261672,0,20,1,14.4864410849441,1,434120.318351642
478444.163219827,1,25,1,5.7176894108681,0,416262.04129035
451726.478423795,0,24,2,28.607815762252,1,452588.453704171
497684.696957684,0,20,2,1.13249828570738,0,473788.079289833
488935.747503789,0,21,2,20.2618941116636,1,498663.140707995
533146.983350215,1,18,3,-6.79107096505057,0,517520.184825263
527828.929411433,1,22,3,15.3230816747197,1,531028.24410507
594653.795598335,1,18,4,11.0846698877159,1,608527.533207698
615673.299942581,1,25,4,15.7838394258705,1,621425.150790815
528838.123376695,1,21,3,1.90954675529248,1,554767.272401816
566023.75788313,1,23,4,1.90831343106613,0,547785.036903068
597285.772763345,1,23,4,-6.08753191759573,1,572147.215972408
473874.003170007,0,25,2,3.73743085822149,0,498941.822472973
553614.981850926,1,20,3,19.7902462050877,1,545222.645462799
442210.875215632,1,24,1,6.93397619659469,0,434544.872903316
510004.41067799,0,24,2,9.05813087012499,1,497069.978975924
421531.627959746,0,19,1,7.87216816001845,0,396788.382746882
434748.604430527,0,23,1,19.0690413994354,1,433705.878045363
568500.660419427,1,24,4,8.74452747805696,1,588872.957537997
405847.521769914,0,19,1,26.8241050825973,1,442449.502947009
433428.779819182,1,23,1,12.0874966117705,1,461243.438811796
476207.821505276,0,21,2,18.805239674221,1,477525.071687663
580791.998690989,0,19,4,13.0725180228112,1,523058.941722253
575859.448604471,1,23,4,4.52658688659868,1,591547.572508328
617709.136993559,1,18,4,16.5312155911249,1,594704.022311708
436900.821871549,0,21,1,18.3949762549692,1,477089.288090302
489986.593387883,0,18,3,10.4422371929207,0,489181.032357578
471286.604432961,0,19,1,4.11973138420517,0,420511.95192432
461604.166456415,1,24,1,3.88576007879525,1,503575.868369376
463156.827123495,1,18,1,11.81777894,0,468556.444603796
540467.149141505,1,22,3,-0.315176706522053,0,534188.828208299
592172.017356829,1,21,4,10.0641596610022,1,596137.962415922
503072.752076085,0,25,3,2.32510711977584,0,472876.167706592
483548.701366477,0,21,2,1.60069276476777,1,551024.455251206
433377.619877301,0,19,1,15.4718096570071,1,461607.883073882
487946.328452422,1,22,2,12.8924171582744,1,499410.540200949
475056.983799103,1,22,2,4.97276389890773,1,466855.459388033
610960.78449475,1,21,4,16.099478647928,1,546579.541814079
522889.909009672,1,18,2,25.7369618096074,1,482477.561388562
535258.610264507,0,20,3,11.0167334301735,0,466719.667875027
530515.071766177,0,22,2,23.4639748732914,1,469119.93068876
530242.334334561,0,25,3,4.61441225719682,0,511432.553916104
511195.836603693,1,22,2,3.84757737736038,1,475383.157699414
553312.741757624,1,24,3,13.6036561415806,1,504071.130503142
512160.177924003,1,25,2,-3.62559705157002,1,522750.383991
503054.281849801,0,25,2,16.9694971768956,1,489897.659644253
534272.214435491,0,22,3,-4.17980338029471,0,517768.743614716
441218.737445228,0,22,2,2.00057979756398,0,440948.432179837
431257.486962232,0,20,1,-1.48799068849972,0,446862.728167984
465322.602887661,0,23,1,0.957541719585041,0,435289.83028365
533243.769262492,0,23,3,9.11365721966902,1,552610.111803695
577347.668551158,1,22,3,6.12965474717075,1,529529.580840937
544455.472526813,1,25,3,5.55032575509949,0,521769.544265995
515637.196833143,1,19,2,-1.82619436443418,0,512197.086550793
582400.632195587,1,18,3,14.9150172199478,1,551587.7242416
489721.066244567,0,23,3,19.0873981571,1,507830.382188311
516030.319469764,0,21,3,6.33722490601776,1,537441.955555489
447693.507327373,1,18,1,29.8675825101305,1,431217.15367087
419628.054529725,1,24,1,10.9255187131594,1,457654.261258786
519595.081589373,0,23,3,0.243016737597507,1,510378.659116494
435210.020735792,0,22,1,15.3456696852874,1,416266.072801604
426204.469889708,0,21,1,15.1976974424061,1,453149.895472712
484117.795823473,0,20,2,15.5966178744931,1,453848.310379658
558661.81154888,0,19,3,10.18535671163,0,504736.864569715
462900.367348148,0,21,2,8.44849636945505,1,512928.273023244
542424.95153644,1,20,3,12.8622499610238,0,514561.820867932
498207.83321385,1,24,2,18.6242225501114,1,512995.641723442
501041.923227366,1,19,2,-1.40863241586859,0,439515.910478125
511254.502691222,0,24,3,10.1833367560898,0,507018.502118616
561780.699120272,0,19,4,7.68428299115541,0,550792.510523164
556018.700405549,1,24,3,12.9991307797106,0,499725.237430796
474820.019324389,1,23,1,4.96253936477473,0,420655.159975695
548673.973736712,1,22,3,10.5918015835958,0,454255.430691668
525135.037305115,0,19,4,20.8618684734521,1,548350.731269974
432874.367152892,0,25,1,3.50066002112011,1,436798.427158451
557835.118705206,0,25,4,9.54575269727071,1,582299.314995014
491019.262839899,0,23,2,11.6035890346647,1,519117.834362038
554829.586551945,1,21,3,1.22045041861358,0,528840.346759833
544277.777089011,1,20,4,1.35107978914218,0,570324.888269209
498701.521600416,0,25,2,5.88012785946629,1,484904.057824453
524106.462032253,1,25,3,12.0269654511176,1,512670.048395568
530362.117048159,1,19,2,21.0576421661402,1,477024.88148681
509841.699807752,1,19,3,-4.44665735070468,1,557353.929788744
489733.65624869,0,19,2,9.14324319855266,0,468332.563640354
579004.831513109,0,19,4,-1.26156233266624,1,548456.63497397
492814.096718454,1,19,1,22.9556963124704,1,447040.531015124
431538.894034051,0,24,1,28.0598520149336,1,464228.118028015
422836.099338922,1,22,1,3.03604270088697,1,455652.833928981
482884.170556389,1,23,2,-10.1996866990221,0,481832.429030942
539462.603515567,1,21,3,8.72273966165206,1,545514.013543057
488824.882344823,0,19,2,28.4970173669527,1,431041.302502654
498217.819204255,0,19,3,7.31615069479506,1,536564.31461999
483392.649783819,1,25,2,5.70890786385786,0,472587.342813483
439176.258367748,0,25,1,26.6419758952478,0,390257.784236232
424160.730831717,0,24,1,11.5168504114777,1,486703.492178534
481424.094656669,0,23,1,-10.5793714258944,0,430402.925352342
557825.767490692,1,24,4,9.8842683735688,1,598292.660682697
537768.794751931,1,18,3,4.8855643464438,0,515133.320870283
603473.811419706,1,23,4,10.1810788548259,1,543430.883518751
496047.516813883,1,24,2,6.69180865813323,0,473260.070822632
444973.453271927,1,24,1,5.85335185179132,1,421828.924743876
459353.31444581,0,22,1,-1.06277642585291,1,454452.194489885
551752.207392574,0,24,3,4.94176240689481,0,524821.741965519
453334.347154312,0,24,1,28.2088341494111,1,457520.097184677
461627.693151476,1,25,1,20.1147080569747,1,438477.73622975
521539.428549127,1,23,3,11.1770131000853,0,475269.017777754
480894.489388917,0,23,2,-1.02738690042603,0,482993.768086385
471453.725453623,1,21,2,20.1734690636179,1,483212.384493128
532956.609389367,1,19,2,3.01105071827077,1,513712.059895905
556576.532654765,1,18,3,16.4884883152581,1,518800.552513329
566022.716037748,1,23,3,7.82602467324893,1,505601.690246409
555803.512876752,1,18,3,15.4816266108924,1,502695.68021539
537918.533504198,1,18,3,-16.9375388482666,0,497548.759156902
580534.101641774,1,22,3,8.28578906160987,1,529635.814533658
521103.24950085,0,19,3,24.9418152177586,1,502665.474208783
535385.808415965,1,18,3,-0.824388070842726,1,535104.222426145
457541.670260503,0,18,2,16.7289607500964,0,448520.455794867
515880.926286449,1,18,3,6.39123534869736,1,538148.742410567
548763.77634478,0,20,4,31.8336418237271,1,567288.266168005
565517.765752836,1,22,3,10.5373213600283,1,507969.138473122
474523.195261109,1,24,1,14.267944766595,0,463540.636886892
538294.805141603,1,25,3,3.1148907678139,0,533947.74327034
575596.666798456,1,25,4,-2.08422802412849,0,572414.122744861
499925.804148069,0,24,3,32.32746385123,1,529622.549962003
460156.899886285,1,20,1,13.8782738497985,1,457914.205725143
500528.476587114,0,20,3,30.3702928076984,1,549213.369985629
538912.815044658,0,25,3,16.0294879958155,1,550769.589755924
494178.046028246,0,18,2,20.0761346294559,1,495700.718092422
535453.387690809,0,20,3,0.860544482114308,0,529963.969370227
470512.633343375,1,20,1,1.2421814687229,1,468794.487538608
451703.683343518,1,21,1,-4.41873035058638,0,467837.073680741
560422.003812517,1,21,3,1.28939586473129,1,536141.011659905
529311.789365019,1,19,2,23.6167059783833,1,499745.565147613
552765.471389368,1,23,3,27.3714523502732,1,520593.946186483
543725.465306679,1,25,3,4.38343886864073,0,528783.240620056
455205.60530762,1,23,1,25.5482087701304,0,407838.103719391
441966.647401954,1,24,1,11.7797162400346,0,406213.621774486
474285.662548597,0,20,2,21.6839212002079,1,462687.48098842
534024.91180019,1,21,3,15.104485138734,1,545676.93444826
491727.270894925,0,23,3,12.9263457800887,1,493779.842696998
486018.606871524,0,23,2,8.90131655263753,1,494204.23234299
576864.368840807,1,19,4,10.3307431616396,1,558605.78292804
477299.06574427,1,24,2,9.40670174321441,0,435982.137754571
448538.247946179,0,18,2,12.2770376845489,1,492587.046890429
479920.784317904,0,18,2,7.10539611604854,0,470889.597457732
505918.851209591,1,20,2,7.86307803029759,1,491510.141693077
487571.706742705,0,18,2,-0.0572182304268232,1,474206.173623669
526675.917577394,0,25,3,0.540812753222632,1,536253.040976081
510273.186104299,1,18,3,7.25496248327967,1,534510.55088012
524564.86495497,1,19,2,26.245828347604,1,475305.683461444
579520.749931478,1,24,3,17.6845026992677,1,498258.615474943
502291.069358636,0,19,2,5.15137737217189,1,498206.64077973
436060.475147225,0,19,1,28.874409993718,1,459892.086285709
505885.926068245,1,18,2,24.1528328662421,1,465915.176937965
566307.67819097,0,20,4,20.3240673774189,1,558156.342078978
561903.900721954,0,19,4,23.2360177355965,1,553361.111680061
490587.141145894,0,24,2,6.97301689945316,1,489703.828191311
518416.99030053,1,21,2,19.9492936952639,1,504931.657252555
485246.373027348,0,23,2,10.2746405948659,0,471142.257142436
557416.474385343,1,20,3,34.4867778941433,1,576394.557570551
538855.082008283,0,24,4,2.4862106345735,0,559983.544316679
496758.766066766,0,18,2,-10.3546953862733,1,458410.751387079
440138.425921197,0,21,1,-5.08342574137954,0,450045.751265366
588224.057931624,0,21,4,15.1662622557465,1,587817.569602105
538174.070720421,1,23,3,8.69412033739385,1,523361.949383836
472859.714838396,0,22,2,6.0519380508421,1,505108.395913623
441404.321905866,0,22,2,-9.10703432343335,0,491169.267004405
461360.284798569,0,24,2,10.8393195826667,1,505653.211267583
447583.204875418,1,22,1,22.7330770577786,1,402531.100913145
478981.61501109,1,21,1,26.9073316396544,1,421428.582886731
515250.319342168,0,19,3,-2.96264770029249,0,495675.668849523
594560.324588341,1,21,4,19.2938815782627,1,571093.860676711
496869.79396447,0,22,3,5.78771625629685,0,482019.216217259
534597.02152355,0,23,3,6.49192116649169,1,518423.410329856
483377.728482096,1,19,2,25.6020699332506,1,473468.253123861
559217.715209176,0,20,4,0.978708575345435,0,516180.195063083
558062.553726097,1,20,4,8.1668543099259,1,527294.577990741
584062.895894349,1,24,4,5.405383462136,0,518346.786143656
511260.279341995,1,22,2,8.59898425456808,1,478500.275265967
472852.217985377,1,19,1,23.0857105672673,1,446674.837453006
517050.457127921,0,21,3,27.6512328671936,1,480418.680484122
510047.31171114,1,20,2,7.32489880217976,1,465007.562502473
573380.577296678,0,19,4,20.3004504429786,1,547798.166472437
457551.823541042,0,22,2,9.40925267494405,1,506195.080517266
476416.026974184,1,20,2,9.15794983398253,1,462225.813957693
587080.405516311,0,23,4,2.99234607760438,0,546717.713043166
472690.827993572,1,19,1,4.12797031235319,0,426212.988757359
472305.673912719,1,25,1,-7.61900222648719,0,456357.245419806
452270.285551525,1,21,1,11.055252038506,0,424207.371892861
565171.074372338,1,20,3,28.7803298912897,0,471351.441162183
497461.269597553,0,20,2,11.4324603077596,1,499366.605770795
512629.662605236,1,22,1,19.4392622792115,1,477950.429933067
529233.195360781,0,20,3,17.3940086847003,1,499936.171427501
578793.745559718,0,23,4,5.05687483684863,1,551270.448497501
579402.856034603,0,19,4,4.34546391662357,1,599775.686101901
549499.093863527,1,24,4,12.0823977196874,1,606641.26930155
481224.399401614,0,22,2,7.92713015547587,0,482313.139469335
514237.618869754,0,24,3,10.1344362060655,1,525057.319520227
479288.19852556,0,25,2,14.7911873805647,1,510039.464641849
517971.181554339,0,23,3,20.2767351529857,1,519913.683674098
519262.83599127,0,20,3,5.60716884282852,0,508553.759514575
451344.729231246,0,24,2,20.5537898152924,1,512852.779356803
579392.829495633,1,24,4,15.2401104252435,1,564503.146017057
511997.126397395,1,22,2,-0.493827257810706,1,497095.395354486
588595.498382569,1,20,4,27.3161140357577,1,564272.558260775
532640.721514723,0,22,3,0.97119418368003,0,531597.986534451
617170.556947589,1,21,4,12.8893882147409,0,545718.814405275
508515.053694694,0,20,3,-13.6525775237145,0,522573.533232803
540014.677114239,1,24,3,10.4602237467295,1,517396.732313993
555801.668056578,1,19,3,5.34828077747501,0,518367.120464299
437663.202368125,0,19,1,10.4481941768828,0,430034.739538716
533108.600615165,1,18,3,4.10754726144294,0,520407.238607552
532720.925208416,1,19,3,7.0074497671289,0,531404.962543384
595508.365130021,1,22,4,-3.20616377222958,1,577272.314910967
429304.6638433,1,19,1,-4.97334029281825,0,473616.413977618
465108.470023722,0,22,2,16.6594516535475,1,503658.190188249
518421.183220944,1,24,3,6.60237628544331,1,528956.173588845
529651.401954121,0,18,3,4.56011653660362,1,534869.640272551
488231.078466139,1,25,3,20.5333183162524,1,539602.765912426
450609.591382289,0,23,2,0.593755321485734,1,519984.284365308
493041.515491641,1,25,2,2.85217268362892,0,498910.630215912
575979.417002939,0,24,4,-1.23688827522984,1,574476.11928861
514944.454318973,0,19,3,19.6761634042191,1,531527.291870296
513531.270781234,1,25,2,0.579950313335331,0,486883.209310363
574567.353956219,0,19,4,17.343210808142,1,562761.687945201
563937.840466946,0,23,4,23.6848111583981,1,553439.885354314
558655.457405876,1,22,4,11.4886019470506,0,576532.688443642
589674.270075042,1,20,4,-5.63078480709036,1,591245.558326816
542373.947334311,0,18,3,19.6846036414067,1,522254.429382713
488718.38608614,0,18,3,3.548281702617,0,499538.255527009
423452.548352319,0,25,1,5.47666679511151,1,473089.030486836
541075.844254174,1,19,2,19.1688549172833,1,483994.572712752
484549.995747502,0,20,2,4.32678709037797,0,458373.408275275
477913.146128416,0,21,3,-2.17308165748645,0,526008.467977391
438600.047983481,0,22,1,20.3018810484129,1,419737.150000294
563586.404460215,0,18,4,7.84931452837771,0,554775.321252379
507828.266171914,1,18,2,12.0489753602115,1,503895.425978145
516898.240585019,1,21,2,8.8236354023112,1,485556.935782858
501956.327822311,1,21,3,1.25428964153845,1,532681.185062051
553569.486187408,0,18,4,-4.37146810149178,0,574913.948773662
457080.179078161,1,21,1,11.97764788374,1,466473.295143455
537890.877528527,1,25,3,17.1038373860204,1,484197.373963383
487445.145420986,1,20,2,12.2003082509858,1,465681.916281407
449063.545094885,0,22,1,-4.10497011008131,0,432211.580515168
464956.22277852,0,25,2,6.5680648333171,1,526405.58707435
522464.117701214,0,19,3,14.2544395788394,1,518694.659873236
499938.514538077,0,19,2,28.4686771818533,1,509289.807492887
582341.77202337,1,23,4,5.36185466427605,0,543774.282743739
478622.359726446,0,19,2,10.5902374302371,1,536920.166387369
505051.934807926,1,20,2,20.1088319553572,1,491497.938736678
523207.474355631,1,18,2,17.3528995967787,1,463543.041368829
423536.832199412,1,24,1,9.40578705574185,1,442731.055029456
511934.249377265,1,20,2,10.4174632678291,1,455110.8538503
525896.830620197,0,22,3,13.2815474365081,1,493782.207776116
504756.331360094,1,18,2,8.36404295227535,1,486692.30850835
588019.91079281,1,18,4,-1.65880296429537,0,535346.153776238
569131.464189312,0,20,4,0.650390533225369,1,549544.941244081
508584.907163483,0,18,3,41.7619024386286,1,510241.676312713
536239.331237892,0,21,2,9.34151286324813,0,454112.114478504
462921.546799084,0,21,1,7.30559101975292,1,456438.17941323
557389.983791256,0,20,4,5.51835539130526,0,553872.060712461
454013.210933144,1,19,1,12.853828660863,1,452767.741039956
507539.74018755,1,21,2,28.3004293825389,1,472965.694436249
577788.65541137,1,24,4,8.1546916552423,1,575287.961592786
480099.893161389,1,20,2,5.00762409914427,1,524355.858605678
432692.098441896,0,25,1,-1.61566332572578,0,413614.881531134
486718.021857272,1,19,2,7.37171322410877,0,446605.07902549
555620.124515941,1,18,3,10.506942509567,1,534524.233859259
512748.702338389,0,23,3,28.0079857806068,1,490098.43643645
503811.111824308,1,22,2,26.2884782151678,1,475563.666535897
452063.57043543,1,22,1,25.5615188203191,1,466782.112233823
481815.058668082,0,22,2,-1.98303907172763,1,440775.312998344
465309.691253616,0,23,1,24.2661442573162,1,458712.799366305
555186.830953062,0,18,3,13.7331027506447,1,502923.517758062
463598.982249401,0,24,2,9.6303274130623,1,483684.410451475
486966.906244082,1,22,1,0.35380148992548,0,445617.586089222
515535.416726797,0,18,3,14.4731696799477,1,520136.360513781
522470.267810248,1,18,3,5.6455398030576,0,505585.140175885
529224.730208974,1,24,2,30.8638995344914,1,503126.729717245
525024.890179966,1,20,3,4.175267454609,1,567106.260104795
538882.251590192,1,19,3,5.5826921306297,1,517832.896893059
434909.414912464,1,23,1,5.12583290227013,1,471470.795904405
535859.181355825,0,25,3,11.1639294547125,1,531386.998692995
475139.347827734,0,25,2,4.61293736235302,0,472473.333971216
528061.072525738,1,23,2,10.2558994380755,1,490493.327919824
584096.517966368,0,18,4,12.631005702319,1,568382.71686648
457394.801122696,0,19,1,-4.24854365512406,0,451598.970010377
601896.810495368,0,23,4,23.7616033742683,1,557821.417421719
472855.827842288,1,25,2,-9.56850531906959,1,506376.113628587
454366.797202078,0,22,1,18.5375054499482,1,456670.618297616
491928.687069807,0,19,2,2.43499035258736,1,494621.128701828
550764.872767967,0,23,3,11.7326311961401,0,509803.231790222
552606.70653432,1,22,3,13.4848843513291,1,526109.505638491
462597.854414889,0,19,2,12.5015210222447,1,485146.258408513
458449.980831958,1,24,1,8.82527917581345,1,440083.41942063
499631.168503785,0,22,3,19.2883067566782,1,500457.030748263
541882.791678368,1,20,3,18.5675945853395,0,539723.604073597
617782.415035792,1,25,4,5.23077528547985,1,529289.817716373
598455.882203255,1,25,4,21.4357275977939,1,554979.225727925
508577.488294189,1,19,2,10.7399856634183,0,448884.051200087
571750.511816031,1,19,3,9.18037313751265,0,533164.099185378
462851.946561488,1,23,1,13.1530616820902,1,427107.089474571
560998.943976684,0,18,3,12.568058563449,1,494298.907217229
452144.219828271,1,19,1,10.0669710452941,0,432993.140195416
518831.277392925,0,20,3,8.46202745952186,1,520368.509751251
555576.990502485,0,22,4,9.28821053316502,0,552274.860368467
535151.416539682,1,24,3,-1.07349613918718,0,501645.596970655
531033.078470121,1,24,4,0.056082122134594,1,594082.613819536
489234.25279064,1,25,2,7.94976347459608,1,462524.471323164
516068.57987234,1,18,3,13.6001241172725,1,535879.377064188
544509.690889463,0,23,3,16.2274096486282,0,480901.903583722
533810.038631626,1,21,3,1.03183338751106,0,473296.554204931
533734.055514634,1,23,3,13.711559600131,1,511824.915785953
560357.610333194,0,18,4,9.88910989661812,1,609165.740833459
483433.209052729,0,20,2,11.6379363092867,1,482536.911656204
619420.903331541,1,23,4,13.8071791874744,0,530488.906464673
535436.654958753,1,20,3,9.82786556780403,0,529248.720284372
473755.009555692,0,23,2,13.7972430840013,1,477007.645661289
488719.181188874,0,23,3,24.2027024653596,1,499681.793949964
444228.724397901,0,22,1,-15.2915233195542,0,427088.353044363
510946.687390283,0,19,3,12.7835659626141,1,537895.929046602
442149.859328708,1,23,1,14.7046703187049,0,393920.610654758
488763.751336202,1,19,2,-4.58115818342645,0,480774.882182651
437701.405570535,0,21,1,17.1917218601777,1,461279.190242269
507914.602209901,1,21,2,8.98096085794862,1,478552.700176438
525432.599609348,1,18,3,-10.9237176451454,0,495837.034854219
542717.024998329,1,20,3,10.7697633202991,1,557967.711594923
471956.841362069,0,18,2,7.49840141060549,1,500748.972295319
443907.129002517,0,24,1,28.1832516800244,0,432976.746353116
554288.482627124,1,21,4,16.4562633066365,1,562517.02299384
527544.942433314,0,20,3,9.95461965739818,1,532072.13312104
517439.383768498,1,23,3,21.1316839815641,1,490022.699637156
589369.395671408,1,22,4,28.7779888233897,1,577159.401529834
558809.671916257,1,20,4,1.74224067080156,1,581087.434848304
578973.758777544,1,22,4,-3.32001718097289,1,581285.513948959
518010.599813877,0,22,3,11.9882823597422,1,520017.248209905
576401.992841026,1,24,4,-1.87969212384648,1,614634.71180588
447628.104590116,1,21,1,25.2032735556384,0,415065.694312547
495438.61392352,0,21,2,11.568144938849,1,465793.419332384
525135.644117915,1,19,3,27.8398321265372,1,532457.277566538
498243.398650869,1,22,2,19.3371036534801,1,484126.908160233
514325.273571792,0,18,3,8.71700742806857,0,499287.63011377
471339.736412014,0,21,1,1.81612194970672,1,462864.326179115
465427.296147536,1,22,1,-2.07106126884727,1,470976.60917146
457017.728945048,0,21,2,21.6061192124357,1,470113.708308209
474620.496316444,0,25,2,7.71356519894543,1,520198.337779199
542714.446872899,1,18,3,27.6472823134586,1,514456.380203999
500751.689134243,0,20,2,-3.9681609741511,0,491477.267936963
418719.13208798,1,21,1,-2.2141363347182,1,480613.319031386
458061.720867618,1,19,2,35.5706057554781,1,488597.573997091
543490.201997335,0,24,3,-0.642804850576894,0,539506.164336279
544163.619055477,0,25,4,0.820467682449738,0,592807.427637615
446065.320758351,1,25,1,-11.5347994154067,0,448934.731964174
440150.086805356,0,18,2,-8.56863299878357,1,508264.212190899
525805.145931647,0,25,4,8.33683386328266,1,573401.862410901
459859.330386518,1,24,1,5.59980680643248,0,437988.021272173
518983.58511636,0,21,3,15.8712332013981,0,503869.910439331
575427.968720882,1,18,4,10.157073979055,1,561994.219777479
550317.432770723,0,24,4,4.86003881820948,0,532701.747689754
459874.4064046,0,23,2,12.6390174985228,1,555280.365517643
567707.131970228,1,24,4,11.3731166566259,0,572733.527928066
531743.955227845,1,20,2,-1.61886730428695,1,485448.372127617
534994.024610061,1,22,3,15.4220722388472,1,506242.375348095
588294.585952764,0,23,4,2.40245321733892,1,526208.402141769
541475.90185425,0,25,3,15.8253309721718,1,490185.655262427
545916.205154342,1,18,4,10.2261559983571,0,565535.537181497
474262.261667386,0,19,2,-14.7359710359351,0,487324.565629328
590413.595403346,0,19,3,1.69037216265252,0,527603.772186131
564628.36991041,1,21,3,31.8727618438685,1,496496.496719539
437872.58238584,1,23,1,7.68011596564322,0,422820.987698319
552020.696815054,0,20,4,8.47077973344037,1,570918.669821955
544193.755186348,0,20,4,15.5313559698379,1,593938.405649549
475159.093455837,1,18,1,12.9391586250987,1,448758.141061535
503045.773803309,1,21,2,5.29243136297298,0,465458.946750933
558242.99787268,0,19,4,5.05768816164528,1,561571.171949721
546443.336690813,0,20,3,7.93245842539509,1,501805.942077499
447381.106988773,1,21,1,9.02289612690296,0,406732.428996925
532745.661314095,1,19,3,14.6236826525135,1,535431.651881399
557355.265623611,0,22,4,18.8940259623987,0,535842.163126662
548144.833805959,0,23,4,18.3748594072103,1,564685.032913495
475479.883504442,0,18,3,15.4391485285463,0,495148.395804383
515277.033311589,1,20,2,12.8683231534058,1,458380.026603713
476751.567414468,0,23,2,32.5219986711435,1,459282.455922107
446863.344096027,0,22,1,9.66584105199747,0,442094.346689277
515365.278381693,1,21,2,20.5174678726456,1,495711.131679229
562420.770738446,0,19,4,9.27223267686473,1,585069.492833679
589760.9248672,1,24,4,8.51951020469485,1,567287.814860505
527975.418236022,1,21,3,11.6809058725653,1,511660.021438529
480113.335766283,0,19,3,4.93710461532728,0,521338.477711219
585731.929074899,1,23,4,4.66522832877527,0,546003.75120406
457809.846242493,0,20,2,3.04854702521608,0,492548.221788023
496658.660976829,0,24,2,43.2735981978201,1,498603.991429001
467799.609922508,0,20,2,6.75841034758023,1,506391.808866371
421296.842502077,0,23,1,18.724370643855,1,436214.809566714
535433.90520947,0,21,3,-2.40893805141593,0,525707.033730137
607046.87724061,0,25,4,16.7188024824182,1,570929.724861605
451041.370083613,1,24,1,13.0571460388299,1,457569.020564175
412109.746296957,0,22,1,-14.0238836072459,0,443818.819675433
535171.556127425,0,22,4,7.34995625258718,0,563995.03838891
616649.335206621,1,20,4,7.782189402138,1,555683.056208028
492442.277338053,0,23,2,-1.24754114561367,1,487573.922470163
579383.664948058,1,22,4,-0.67460199420983,0,564661.885270528
446029.315594729,0,20,2,16.1093375001447,1,483377.140013398
490224.001976047,0,19,2,30.243547532145,1,518009.957389071
492401.91530229,0,20,2,22.0784191949766,1,476596.099117293
494744.250478038,1,25,2,-4.79836519084066,0,489665.506655444
482115.287590583,0,25,2,21.1681473464571,1,482463.721861191
527482.07083419,0,22,3,17.9837839262357,1,524736.636860231
530628.742168139,0,22,4,35.6093552602561,1,592257.622019871
512357.979776476,1,21,2,6.76094461432655,0,480724.321461231
503869.381137908,0,24,3,1.19363011230371,0,513523.89942171
561916.609039547,1,24,4,6.82613509018164,0,576645.663924337
508994.105776648,1,22,2,16.1083156558023,1,479537.39351431
511410.797865352,0,24,2,13.7272523220997,0,434412.923218256
447418.823521055,1,19,2,11.9046591438997,0,450887.41154725
511713.656342668,0,21,4,6.89130318803302,0,559415.347054327
540362.389210689,0,23,3,8.36092905402323,1,553677.40761665
533063.298982907,1,19,3,11.5030431091854,1,527927.219525949
565322.284592584,0,20,4,8.35524452606982,1,583764.067707669
516945.073256341,0,24,3,17.4835034464917,1,501036.437763082
479313.026792534,0,25,2,38.0197665499823,1,516094.988339329
525253.296597771,1,22,3,24.6173748811523,1,522452.972653222
538415.278972439,1,22,3,9.61853765384237,0,519167.900752588
550480.762347276,0,24,3,26.3684605516069,1,504311.514076045
504409.754904097,0,25,3,14.45566926938,1,503768.500277189
499280.821507421,0,18,2,15.6051601444115,1,488441.726868735
492277.024471836,0,25,2,15.995293082173,1,486116.094007429
570566.052545363,1,21,3,2.33848510351195,1,557767.194643727
567669.228602435,1,20,4,9.37855877452683,1,550109.662633994
546840.162738832,1,23,3,17.7416689158843,1,524990.855041114
406181.626858645,0,21,1,9.70182381333819,1,397393.816449758
503553.517962043,0,19,3,18.1761803527791,0,525941.953057266
505267.208024058,0,25,3,1.06195231263837,0,549347.639585312
523026.87897069,1,18,2,21.5133031569245,1,473903.21956192
507523.414733025,1,20,3,21.5491151984033,1,497519.639144484
458051.758282501,1,21,2,16.0756451814618,1,506321.926307541
465166.864951739,1,22,1,25.3222872722558,1,434741.565684793
544357.840627626,1,18,3,3.68522009001889,0,493361.995881718
540318.415863935,1,24,3,6.33993367285488,0,490084.983703351
459634.344597203,0,22,2,30.6552197211167,1,506280.82368048
484489.022093484,1,24,2,17.337126951546,1,466558.471086461
514172.459197342,1,19,2,9.84231196769668,0,430236.029283113
461524.640554652,1,25,1,21.3809935683287,1,447223.456081639
529877.257391218,1,18,3,15.583315666798,1,473447.798760091
562836.051997861,1,21,3,5.27506067246572,0,512579.369681584
467564.888874077,1,24,2,11.7458415804854,1,508995.942968658
502587.042760045,1,25,2,6.75589969607726,1,499115.936354491
516808.551692489,1,25,2,11.7694809653397,1,508345.375552271
558184.284801843,1,18,4,-4.7584387780035,0,569539.278577942
520008.384539998,0,23,3,-4.44804141097194,0,505193.045994464
495673.417649282,1,21,2,10.8875589806044,1,489139.872946927
541956.201229868,1,22,2,2.74607207585616,0,480353.392010597
573391.337342343,1,23,3,-5.98730129907601,0,547243.709892802
423347.603801464,0,24,1,25.419798909361,1,428777.562024508
401835.748985799,0,23,1,7.75069055579307,0,439806.107945275
534554.580934669,1,23,3,17.3849868299303,1,530489.429825403
533184.120287667,0,25,4,14.9873841426318,0,542589.957480484
451185.181165564,0,25,1,-18.1081388087629,0,412383.063840393
518387.445126484,0,24,3,11.1567781461051,1,548233.415889647
486137.703933245,0,18,3,6.16667888940963,1,556111.753416877
507340.186401531,1,19,1,4.94475144812029,0,433277.243599766
566801.252558359,1,18,4,18.4331611778818,1,551729.819983591
523135.789880345,0,22,3,10.1166678535104,1,562928.890229781
462070.544190094,1,20,1,-0.810984453699135,0,441924.648517943
549960.844764445,0,25,4,19.2055557407826,1,552997.402799831
479163.022408293,0,18,2,17.4064192337482,1,487354.642719376
449856.60868233,0,24,1,31.9200916505265,1,442679.467722918
538013.360529078,0,23,3,14.1105729731265,1,481448.913935942
560741.271395863,0,20,4,5.74767870614769,1,569873.074491172
536425.273845288,0,20,4,7.25477946536438,0,596871.971160372
484307.397545801,0,20,3,-0.576079738899807,0,527576.18427417
530593.572957417,1,24,3,0.571154454699455,0,519492.647363429
496596.175062649,0,20,3,9.95562429525826,1,573832.342735241
490079.09565435,1,24,2,25.3119393658114,1,469448.323940327
547182.827165165,1,24,3,8.85674350040482,1,547109.607704989
590069.066779241,1,24,4,-5.95147972684433,0,523237.775450328
522051.214315413,1,21,3,5.78449288942032,0,548877.951059326
570255.667351854,1,18,4,-11.886320475988,0,530679.597376321
500796.348664438,1,25,2,7.65075271478508,1,511350.976810606
474192.33976444,0,23,2,6.41856225264501,1,518102.722678796
557194.000940472,0,23,4,25.5443534707232,1,589611.460135324
541356.80923347,1,23,2,5.94861952446364,0,468974.713274556
505409.950074262,1,23,1,-8.28700660232089,1,508369.16720823
561595.249113868,1,24,3,12.8794432446904,0,505821.694970079
496969.863483575,0,18,3,-0.252619983224944,0,554391.094147553
456325.280435826,1,23,1,13.2215101116199,1,441048.413170459
566668.936123354,0,18,4,4.63574444475362,0,548042.48542962
514909.353591378,0,21,3,-7.82855049280804,0,527696.914563081
535745.396971132,0,20,3,0.896712861045575,0,547014.85235331
531689.609457626,1,22,2,10.7099463479188,1,504060.695755826
435760.584659013,0,21,2,3.86003734135561,1,483795.690828075
460921.790255615,0,25,1,27.8512203097958,1,461595.879839101
494815.423388953,1,24,2,12.5824899258425,1,469727.45189002
471651.659741457,0,24,2,33.4203625823046,1,462159.52458156
597229.832377904,1,18,4,6.04062623724684,0,574010.015845128
413698.186728806,0,24,1,1.96548156289296,1,445731.489212281
426845.908513425,0,23,1,0.497811513374062,0,459636.447579567
579975.354699717,0,21,4,19.7529230032658,1,569878.168284332
491879.906309429,1,22,2,6.73347326671784,1,486859.021096545
482597.164862533,1,19,2,21.9267617633902,1,444925.457906532
471758.245525839,0,23,2,-1.02783340524894,1,471231.937057995
510710.550544272,1,22,2,13.2354051008896,0,465954.684318973
499599.105001222,0,22,3,9.40957659059797,0,486650.30763033
525072.548438823,1,25,3,-11.2328304114918,0,510849.026442625
537087.51240909,1,22,3,22.1516298237575,1,542517.41763219
465098.807183428,0,20,2,1.47195854345112,0,512413.082537947
415970.458097452,0,18,1,21.7542457676409,1,474877.814739891
518472.521541436,0,18,3,-7.26245770720515,0,498700.445789318
545842.369004044,0,18,3,12.8394688896905,1,565444.09442757
454543.449365682,0,20,2,-5.14859670697547,1,511018.704079917
443496.545903114,0,22,1,19.0689549509947,1,401152.871404213
504685.639918557,0,25,2,0.0139945352490933,0,493786.965292137
526890.911532281,1,23,2,12.5446037318177,1,463409.137827658
420809.670496031,0,22,1,8.67198620319195,1,478130.821508512
483015.789996239,1,23,2,-1.64594775315139,0,457221.698166671
569249.427791291,1,19,4,10.0216862951266,1,562845.915269204
519404.211173332,0,21,3,4.2323141414493,1,570989.398328614
438003.669273616,1,22,1,4.70950033505755,1,479946.743141654
528334.796123704,1,22,2,7.957197771692,0,480828.953595932
535195.030983616,1,18,3,0.452730479149578,1,564700.349234283
510594.022814463,1,24,3,20.3636374575299,1,498029.06252694
526040.661408328,0,22,3,-7.93239672466176,1,548459.613473957
473146.472254195,1,20,2,8.40295764753533,1,525009.022869883
581008.991654705,1,19,4,13.485352741394,1,556031.766911734
486042.004959326,1,22,2,-15.0372416338732,0,497070.246978991
448104.94987917,0,22,1,12.9457851254346,1,470637.540351677
464929.468683747,1,18,1,23.7664850487568,1,471399.316263955
517329.421600172,1,23,2,5.14270562363874,0,494082.087884959
448106.889851143,0,18,2,17.3830420818891,1,492667.315859069
421971.48818573,0,25,2,32.3464221734919,1,452753.886144635
500057.418694965,1,22,2,0.967611107536964,1,520607.41035118
495165.275424873,1,18,2,19.3917137053439,1,460909.189079433
482206.623946976,0,22,2,1.81765494380642,1,505289.518315335
474296.468890462,0,19,2,23.2168372101648,1,474415.713582238
545133.453900309,0,24,4,0.703953099279673,0,557658.747861255
566188.572119693,1,20,3,20.8059707693702,1,567748.619142847
558728.894204458,1,22,4,9.25944088200528,1,563131.051883559
574497.665834919,1,18,3,11.3959353058732,1,535298.25058213
422433.56833991,0,19,1,-7.70925293617762,1,446933.856849446
475723.657247326,1,21,2,-5.46469668195379,0,473624.463048875
525613.808677425,0,21,3,-2.37139193393196,0,509043.219406228
544382.750910006,1,22,3,4.85701511889578,0,499502.234542435
454804.864553284,1,20,2,17.3163913540533,1,494417.698922443
500647.613731962,0,21,3,24.2120669861916,1,523559.38219472
556855.41006283,0,23,3,-0.262984281949578,0,519718.223449624
522544.184122695,0,24,3,6.88859167177742,1,533463.413603155
488861.417646115,1,18,1,1.70145283057697,0,417894.912643451
525193.74183658,0,21,4,7.60670657568279,1,593684.957396773
549725.369120556,0,20,3,12.235240604526,1,532234.224732996
515176.993538959,0,21,3,19.4896348495018,1,516118.438770691
438200.59541523,0,25,2,14.7860585062628,0,423800.091380493
411549.440849864,0,22,1,11.4258030284217,1,431800.142162929
502302.476573139,1,18,2,16.6031271563986,1,444446.58826901
498731.629163431,1,18,2,-3.92938834608236,0,484092.397209913
533184.339128094,0,23,3,-0.404015784508942,1,495513.536230863
545796.09307974,0,18,4,10.9981779554655,1,571235.515326322
461370.16411965,0,25,2,-5.9188174041005,0,442336.911141528
481394.308043319,1,22,1,8.09029305830886,0,461726.430625802
568532.89357344,1,21,3,21.9713885570801,1,532654.395688894
524837.683354369,0,19,3,38.7734573146863,1,525489.5853144
534412.13258329,1,19,2,-0.601973956596115,0,474815.024046948
549982.197605097,0,22,4,-9.7805936158516,0,550025.46574058
471697.674341287,0,20,2,12.7921486669258,1,481368.840086986
508367.560875332,1,20,2,2.79616166776408,1,504102.504297572
470130.393762576,0,24,2,16.4148401614173,0,489594.404786032
435646.762533198,0,20,1,13.1810620181531,1,441575.315327689
489722.316690261,0,22,2,6.55502582781373,0,443269.391422596
481741.785133951,1,21,2,6.24596094346265,0,480415.644915774
489400.299032804,1,24,1,3.80809188810047,1,405128.338463854
480447.265604173,0,22,2,8.66174143200508,1,478399.919147278
481754.682926656,1,24,1,13.8065919366531,1,400918.097353009
477343.933760571,1,18,2,4.0016150060728,0,512382.023790198
529316.293283278,1,25,3,8.31406409558203,1,544513.792580042
525709.674998011,0,19,4,-7.22661912165292,1,566662.319184946
452752.986037455,1,24,1,45.4840664409123,0,412930.743202141
478003.429370611,0,22,2,-0.203505562941507,1,510907.0389474
520276.014591976,0,22,3,11.66816300986,1,528512.93757902
536313.506524877,0,25,3,17.2376939941989,1,548265.523578703
458924.577583442,1,19,1,-8.76198375663387,0,446149.061640846
489074.403504132,1,25,2,13.8904287722305,0,446796.428688127
572311.099048015,1,25,4,7.61611088324488,1,556216.404934037
537442.42951301,1,20,3,20.2920065467296,1,492119.536439337
444945.210588762,0,23,1,5.03813236402841,0,446344.858439089
495804.989227443,0,23,3,4.36803213001554,1,478420.449796841
479116.952369769,0,22,2,9.50207469381831,1,484272.004983601
468551.525137295,0,19,3,-3.66037673365565,1,486357.752186355
613634.564008439,1,19,4,23.6685460918596,1,562507.154848684
585274.055581284,1,22,4,-8.21358060795512,1,607644.704984191
497108.76158028,1,19,3,16.6827683480782,1,506419.499521346
572984.256283618,1,18,4,4.02161586099875,0,557222.263976682
562669.777562635,1,18,3,16.1659600101706,0,483694.907503595
527972.738932452,1,23,3,-6.23149402954925,1,554791.167437665
553332.294090953,0,22,4,-10.7111064563667,0,520964.070889172
529494.583081481,0,20,3,29.6971903737026,1,493298.443314273
467450.421125039,0,23,2,13.7122108709108,1,470028.403286072
555050.769936002,1,20,3,7.48206339550505,1,539881.18159523
605474.404233719,1,24,4,16.0246139355447,1,542097.552101519
444598.194380297,0,21,2,16.4385272548462,1,491912.888795583
481121.037858901,1,18,2,3.42502093888885,0,463584.016557779
534713.977271845,1,25,3,18.6252552158232,0,490032.118213819
555670.119073164,0,25,4,25.1493830655052,1,530952.188315314
508196.390394215,0,20,3,10.4895980810392,1,548359.016342454
496255.474922333,0,20,2,22.9678969026889,1,503356.131750717
566035.92434214,1,24,3,14.4475912738687,1,498947.944221204
584098.199929095,1,21,4,8.20805565374088,1,532630.374951341
469663.9341926,1,23,1,8.12331150005162,0,418562.514932966
592025.693793081,1,22,4,16.1857733540686,1,579826.433127079
511261.781170015,1,23,2,1.84395235494118,1,503310.682254616
582224.696272748,1,24,4,22.1643941655836,1,589621.114239781
466300.649514125,0,24,3,19.5448325854725,1,492397.203856091
471390.585967156,0,21,2,27.610355250059,1,467085.549173649
533135.477838892,0,22,4,5.49353584177502,0,561330.57940242
510007.687901163,1,19,3,7.37473872368628,1,549595.47362201
472717.452461175,0,24,2,4.63284689877672,1,481679.925235252
570708.405461054,1,22,4,1.41985209845689,0,568849.99437748
488722.224782579,0,22,2,-2.67474018074286,1,524200.177465075
480454.053937743,1,25,1,18.1682854046307,1,461773.777953591
530385.773762786,0,22,3,15.7637180479867,1,534335.235486676
526032.168728874,0,22,3,13.6549204237173,1,534506.461293222
446165.13461451,0,19,1,28.4195543025078,1,423909.184815151
502985.551162103,1,18,2,-14.44806008228,0,471729.936055352
489498.480117499,1,19,2,15.6533333332185,1,489876.738582291
502480.771402465,1,18,2,3.15385555585732,1,468780.792925576
413476.337632481,0,23,1,-1.15955923592433,1,481136.844257458
550500.229233056,0,23,4,26.9964377513117,1,570104.722930244
459133.306581825,0,23,1,7.19947614526153,1,467189.458437492
488417.622527514,0,24,3,-4.79003669255625,0,552725.901139503
481145.534040895,0,18,3,17.3186963815694,1,507379.451321407
540321.049941565,1,22,3,14.3363860667664,1,483639.976065489
554904.261954364,0,25,4,23.4611467678283,1,572316.696819708
453565.353078862,1,19,1,5.34117935894099,1,452183.419299335
566441.875801938,0,19,4,25.6111532215843,1,578966.601155877
487944.611187883,1,20,2,14.5745148423628,1,488689.16588975
509029.393751054,1,18,2,16.8145279539627,1,489836.516340251
491707.460640543,0,20,2,22.1171329564299,1,503302.828624236
605324.854888877,1,21,4,-12.2745848780938,0,556973.980661668
496007.045144843,0,19,2,14.916275508979,1,466477.693647144
567903.043922333,1,24,3,1.92547951236517,0,492687.781426198
526681.565379523,0,18,3,22.3028867316049,1,513043.089481324
501803.054490714,1,23,2,1.97706015622939,1,524279.006266564
548709.261655244,1,19,4,24.5222421125474,1,577866.722258744
544963.295152193,0,19,4,27.8720629967961,1,547021.258498173
576942.505300248,0,25,4,4.48358962286944,0,573049.780043754
470837.54108056,0,19,2,8.41069344648282,0,479348.020899169
429290.139635591,0,23,1,21.7633553713135,1,444826.956861516
500938.401756487,0,24,2,6.09992238980319,0,458237.504730483
581679.865866891,1,19,4,11.8938111151203,1,602005.695056167
456089.203017139,0,20,2,1.40743948308284,0,467984.7366305
588751.53420917,1,22,4,6.64184117519277,1,554773.082111536
588470.774047033,1,23,4,13.4729269775019,1,564853.946493957
559654.396720947,1,21,3,0.986564924892839,1,532896.852354906
615510.485699008,1,24,4,12.3677394121047,1,569557.612309656
540167.553793211,1,20,3,15.9909561220015,1,523277.620273824
436108.714746306,1,19,1,15.3630673002041,1,470706.57521051
524215.988010576,0,22,3,15.3433247377164,1,517110.965655565
510789.408184638,0,22,3,28.1117131125993,1,496747.45062105
